index,sub_index,item_type,brand,product,film_format,film_speed_iso,process,expiry_date,date_added,md5,uuid,filename,author,notes,item_subtype,quantity
0,0,film_box_outside,Ilford,HP5 Plus,120,400,BW,202609,1736009233,11798276f80340be9e48e26e7e5b48df,36151f6b7cc045c2b43d7f5cbee41a5d,00000_000.jpg,dekuNukem,,Single Pack,N/A
0,1,film_box_inside,Ilford,HP5 Plus,120,400,BW,202609,1736009786,6845d3cf182b8bc58c6c7eb052d4407f,3d64b751d4dd412889855a65731d5f25,00000_001.jpg,dekuNukem,,Single Pack,N/A
1,0,film_box_outside,Alien Film,5207/250D,120,250,ECN-2,202606,1736009864,09a33a28cd3b4a4488b95c04617bd91e,aedc4b00bd174e0baf7c744ed21d8820,00001_000.jpg,dekuNukem,,Single Pack,N/A
2,0,film_box_outside,Efiniti,UXi Super 200,35mm,200,C-41,201310,1736009974,55e65d12354326e0bd08fcd215bae746,cde1122dafbc47088a11d9ee12b6471a,00002_000.jpg,dekuNukem,,Single Pack,36exp
4,0,film_box_outside,Harman,Phoenix,120,200,C-41,202608,1736010099,fbd497c31ef59703886e34b982385cf4,0b11ba38c9a34f58a2f13d696b05637f,00004_000.jpg,dekuNukem,,Single Pack,N/A
4,1,film_box_inside,Harman,Phoenix,120,200,C-41,202608,1750810157,22d8c43a5a50b3477cb53bb8a5cb568a,c5a0132ac51a488ba35ebd6cc48911e7,00004_001.jpg,yc128,,Single Pack,N/A
5,0,film_box_outside,Rollei,Retro 80S,120,80,BW,202602,1736010137,7fed7bd2ae90888b89b8ae5ece08b03a,fb2ccfebcf2f4a17afe00acaaea5e6c0,00005_000.jpg,dekuNukem,,Single Pack,N/A
5,1,film_box_inside,Rollei,Retro 80S,120,80,BW,202602,1736010143,003c6478cac4383e08f58df68f9bdfb7,a57794309f6b44d784d9555b416a200c,00005_001.jpg,dekuNukem,,Single Pack,N/A
6,0,film_box_outside,CineStill,800T,120,800,C-41,201803,1736010215,a50389fa5e262f6757f2f10591f4e668,53253eca96d841f5b98bfb3590fec86a,00006_000.jpg,dekuNukem,,Single Pack,N/A
6,1,film_box_inside,CineStill,800T,120,800,C-41,201803,1736010221,98edba707265e5ad224d6046e905766e,6576b3b48e8244469a692f2e0edcd1a6,00006_001.jpg,dekuNukem,,Single Pack,N/A
7,0,film_box_outside,Fujifilm,Fujicolor Super HR,35mm,200,C-41,199002,1736010370,d871041f0f834f845777164a81431bc4,2d27c9a865aa4de19ad8dc0bcdc8aaa0,00007_000.jpg,dekuNukem,,Single Pack,36exp
7,1,film_box_leaflet,Fujifilm,Fujicolor Super HR,35mm,200,C-41,199002,1736010374,0062a3d245a2a11285a79a6b90906294,a179b7257aaf455fa69df546545457f6,00007_001.jpg,dekuNukem,,Single Pack,36exp
7,2,film_box_leaflet,Fujifilm,Fujicolor Super HR,35mm,200,C-41,199002,1736010379,413560c61189cb9045d0db2a9b3ac576,e5688fcb7e8943a987ca6b882275ca7b,00007_002.jpg,dekuNukem,,Single Pack,36exp
8,0,film_box_outside,Lomography,Lomochrome Turquoise,120,100-400,C-41,202507,1736011766,62412f1081768044940bc53458134fe3,99643a4fc27b4ff298e834fc72970d90,00008_000.jpg,dekuNukem,,Single Pack,N/A
8,1,film_box_inside,Lomography,Lomochrome Turquoise,120,100-400,C-41,202507,1736012171,660ff2d641a9a81abf74cf4c3675f182,adc4ed82e419439c8bec5348db4a1ca2,00008_001.jpg,dekuNukem,,Single Pack,N/A
9,0,film_box_outside,Ilford,SFX 200,120,200,BW,201309,1736012219,e47126404808616d50e2aeec24fb0541,7856b5442362453caa67628c93be6057,00009_000.jpg,dekuNukem,,Single Pack,N/A
9,1,film_box_inside,Ilford,SFX 200,120,200,BW,201309,1736012224,9581abfd6886e6fd752725b9d300c0ff,2579a55634474187bac08797a02f422d,00009_001.jpg,dekuNukem,,Single Pack,N/A
10,0,film_box_outside,Agfa,AgfaColor ULTRA 50,35mm,50,C-41,200110,1736012345,fbbd763f53c38d9bfb0a08ed99f593ae,d10e846ba5154f1d940ed7009a904faa,00010_000.jpg,dekuNukem,,Single Pack,36exp
10,1,film_box_inside,Agfa,AgfaColor ULTRA 50,35mm,50,C-41,200110,1736012356,32855ca230d76c2bd9188b4897413f8d,8594d11f816c45b6a18dd122f8e38fc0,00010_001.jpg,dekuNukem,,Single Pack,36exp
11,0,film_box_outside,Agfa,APX,120,100,BW,200807,1736012462,3f162e57b88ca347f352401bed13d033,a20bbca534454915a6970b6ede2212c7,00011_000.jpg,dekuNukem,,Single Pack,N/A
11,1,film_box_inside,Agfa,APX,120,100,BW,200807,1736012466,b4dd3637abaeeb348a784e97ecd5afb8,dd262792b6a446dcab73a07738f8a8dd,00011_001.jpg,dekuNukem,,Single Pack,N/A
12,0,film_box_outside,Fujifilm,Fujicolor Superia,120,400,C-41,200205,1736012528,0f8b58c33d22b7ac5f9356dea6728198,c3d9e51d22e241f69133be30d5a00683,00012_000.jpg,dekuNukem,,Single Pack,N/A
12,1,film_box_inside,Fujifilm,Fujicolor Superia,120,400,C-41,200205,1736012532,9aae5bf0d88a5b78cda7c807df639085,5cd39510c35f4b9cbae3089311db118f,00012_001.jpg,dekuNukem,,Single Pack,N/A
13,0,film_box_outside,Lloyds Pharmacy,Colour Film,35mm,200,C-41,200907,1736012624,9747dc1a3b3fa848e80457ee997d1ece,c58dda071d1741fda90e20b4252277d9,00013_000.jpg,dekuNukem,,Single Pack,36exp
14,0,film_box_outside,Agfa,AgfaColor Vista,35mm,200,C-41,200312,1736012648,c96b09a92fd98b0145c22bca6a89a097,f1e50745927f4b7cb16af36fd30dd3af,00014_000.jpg,dekuNukem,,Single Pack,24exp
14,1,film_box_inside,Agfa,AgfaColor Vista,35mm,200,C-41,200312,1736012650,d8055cdaf4e2318c7dc97fe46d1979eb,300a430fc19f4eeeb4892e58d3c3cd56,00014_001.jpg,dekuNukem,,Single Pack,24exp
15,0,film_box_outside,Kentmere,PAN 400,35mm,400,BW,202906,1736012686,a1250d86f6c403b94ccbefd4d824a430,d2cf9753f6fd49a78404c72d848a827e,00015_000.jpg,dekuNukem,,Single Pack,36exp
15,1,film_box_inside,Kentmere,PAN 400,35mm,400,BW,202906,1736012688,704eea294744e4de46c9cb70a6879887,3514628a650741c8abb104047d809f55,00015_001.jpg,dekuNukem,,Single Pack,36exp
16,0,film_box_outside,Ilford,HP5 Plus,120,400,BW,202511,1736012716,87bc1d4a816c98be17f295300f214993,ddf9b76e633f43718144af7dcb89efad,00016_000.jpg,dekuNukem,,Single Pack,N/A
16,1,film_box_inside,Ilford,HP5 Plus,120,400,BW,202511,1736012719,72114f54b27f19218eb3633195e26cb9,1d938d2d844d498caf9fe2bc83618dda,00016_001.jpg,dekuNukem,,Single Pack,N/A
17,0,film_box_outside,Kodak,High Speed Ektachrome,120,160,E-2,196301,1736012891,2290616ea75d47f89f83ffae0b7f3312,ec7cf78858fc48c59e5a0875ec74ce7f,00017_000.jpg,dekuNukem,,Single Pack,N/A
18,0,film_box_outside,Polaroid,665,Instant Pack Film,80,Instant,199608,1736023755,1bcecb1b015e966a2c56b57937610221,311d896d68b74b1193afcfa129c5e054,00018_000.jpg,dekuNukem,,Single Pack,8exp
19,0,film_box_outside,Polaroid,PolaBlue 35mm,35mm,8,Instant,199208,1736023839,859db4fa936272430f29a27d3d3cb689,8236180d686f4e9ca4aa8e6fc397df66,00019_000.jpg,dekuNukem,,Single Pack,12exp
19,1,film_box_leaflet,Polaroid,PolaBlue 35mm,35mm,8,Instant,199208,1754271877,68885cc5c89b33c14b10aef5bdb1143d,6f0d7187f2aa4396ab9879964db7a22a,00019_001.jpg,dekuNukem,,Single Pack,12exp
19,2,film_box_leaflet,Polaroid,PolaBlue 35mm,35mm,8,Instant,199208,1754271880,dc0ea81b45be3eab4e7145c5464daf9e,69c6bc7256f542acadde9fa0441c8c8f,00019_002.jpg,dekuNukem,,Single Pack,12exp
19,3,film_box_leaflet,Polaroid,PolaBlue 35mm,35mm,8,Instant,199208,1754271886,ac6707774fd3f9b9efb7bc7859c70234,6a168a96e48f45c5b2e4e730e1644fb4,00019_003.jpg,dekuNukem,,Single Pack,12exp
19,4,film_box_leaflet,Polaroid,PolaBlue 35mm,35mm,8,Instant,199208,1754271887,93e65f5cd6b19124a608cf55528ccda5,21253e4311ae4a25b46ba931aa78f266,00019_004.jpg,dekuNukem,,Single Pack,12exp
19,5,film_box_leaflet,Polaroid,PolaBlue 35mm,35mm,8,Instant,199208,1754271889,d7a57dc00df9d0350cabb26309c04538,de72b5b522a749fbb6aa280253eea1bd,00019_005.jpg,dekuNukem,,Single Pack,12exp
19,6,film_box_leaflet,Polaroid,PolaBlue 35mm,35mm,8,Instant,199208,1754271891,b47f7ef97e14d914765547787ba526f0,e48473352ab04761b968bdcae19a1ab5,00019_006.jpg,dekuNukem,,Single Pack,12exp
20,0,film_box_outside,Polaroid,669,Instant Pack Film,80,Instant,200603,1736023886,b0cd45b17c81925263d5d7993a2202a4,bb62de3a22c04f699c780aeae7c83566,00020_000.jpg,dekuNukem,,Single Pack,20exp
21,0,film_box_outside,Kodak,Gold 200,120,200,C-41,202611,1736023928,5f33dbc02c379946e4359cc9eb88a597,e8aefc10fa0d43cebbac73bdcf10933f,00021_000.jpg,dekuNukem,,Multi-Pack-5,N/A
22,0,film_box_outside,Fujifilm,Fujicolor Pro 400H,120,400,C-41,201809,1736023971,49a08247ec78404771de7e39ebb6c7a9,0d89ecf11f3c46deb52171aa909566e3,00022_000.jpg,dekuNukem,,Multi-Pack-5,N/A
23,0,film_box_outside,Fujifilm,Fujichrome Velvia 100F,120,100,E-6,200604,1736024062,8213c32039517c81dada2b71e2aa9700,0fef128c3b17437eb25d5c4f0520f7fb,00023_000.jpg,dekuNukem,,Multi-Pack-5,N/A
24,0,film_box_outside,Kodak,Kodacolor-X,126,80,C-22,197505,1736024127,1590b8adf1455a9ffebc900f7ac7d11a,5a3d2ba8ff7649c9b3450d7069445302,00024_000.jpg,dekuNukem,,Single Pack,20exp
25,0,film_box_outside,Kodak,Ektachrome 64,110,64,Unknown,197910,1736024383,1ae62f8e86e136b5c71afe68b8defa69,8131d8c6fbf14016be9c17a2586b07c0,00025_000.jpg,dekuNukem,,Single Pack,20exp
26,0,film_box_outside,Kodak,Kodachrome 64,110,64,K-14,197910,1736024463,0d0fd5d7580c1e347aaa9649dd41c3b4,68c945b76fc14ab699b944a3c7b93145,00026_000.jpg,dekuNukem,,Single Pack,20exp
26,1,film_box_processing_envelope,Kodak,Kodachrome 64,110,64,K-14,197910,1736024466,ba7da15cc1e73579c1cc489743d458dd,54ea8372830b463391dec9cc43789bdf,00026_001.jpg,dekuNukem,,Single Pack,20exp
26,2,film_box_processing_envelope,Kodak,Kodachrome 64,110,64,K-14,197910,1736024471,a364807333abda8ca31975605de722a0,045746d5a421440487c431bf74ad0091,00026_002.jpg,dekuNukem,,Single Pack,20exp
27,0,film_box_outside,Kodak,Ektacolor Pro Gold,220,160,C-41,200007,1736024519,fb2fd29fa9a4c0515aa5d2630213c8bc,7456456d09c844c8ab046abd9c17c3f8,00027_000.jpg,dekuNukem,,Multi-Pack-5,N/A
27,1,film_box_inside,Kodak,Ektacolor Pro Gold,220,160,C-41,200007,1736024573,01fe05b44c890447bd550e9755d38147,e9e4b4c649dc4b62aecc7bc004a1a6ff,00027_001.jpg,dekuNukem,,Multi-Pack-5,N/A
27,2,film_box_leaflet,Kodak,Ektacolor Pro Gold,220,160,C-41,200007,1736024586,15167b9ca91f10e70ea76d1dab7cf407,c13296cf46f04c1dba4ef93110f3ca71,00027_002.jpg,dekuNukem,,Multi-Pack-5,N/A
27,3,film_box_leaflet,Kodak,Ektacolor Pro Gold,220,160,C-41,200007,1736024592,3f90912ae1dcdc4af530b6c5d2e7d3ea,53e024b9a272410888a6d44549f7ceb0,00027_003.jpg,dekuNukem,,Multi-Pack-5,N/A
28,0,film_box_outside,Kodak,Tri-X 400,120,400,BW,202512,1736024650,45ee2f6b24a06945012c0f9f7ae4b7bd,f7f99b9d46a4491c9cbfda4f030f88c5,00028_000.jpg,dekuNukem,,Single Pack,N/A
29,0,film_box_outside,Polaroid,PolaChrome 35mm,35mm,40,Instant,199209,1736046040,09cfddc8dd7ae52d17cf02ac07a839f6,b0041b1e44a64f6591d49e918e033b60,00029_000.jpg,dekuNukem,,Single Pack,36exp
29,1,film_box_leaflet,Polaroid,PolaChrome 35mm,35mm,40,Instant,199209,1754313576,7f34e3c80f217205b9cd968846c8180f,1d0b621cf6f44481b941423f04103243,00029_001.jpg,dekuNukem,,Single Pack,36exp
29,2,film_box_leaflet,Polaroid,PolaChrome 35mm,35mm,40,Instant,199209,1754313578,1f2d4661616a42e54b8fea84b447b5df,ca6b169f6ec949a4a77874ccee054951,00029_002.jpg,dekuNukem,,Single Pack,36exp
29,3,film_box_leaflet,Polaroid,PolaChrome 35mm,35mm,40,Instant,199209,1754313581,687d8235666af6d767355ffa74948db4,705197bbfdc24b92a581a8070d4ee0d2,00029_003.jpg,dekuNukem,,Single Pack,36exp
29,4,film_box_leaflet,Polaroid,PolaChrome 35mm,35mm,40,Instant,199209,1754313583,b74a771df38627ff6c34621e2b3a8555,67abf5aa56574fafab78e2ade2112475,00029_004.jpg,dekuNukem,,Single Pack,36exp
30,0,film_box_outside,Rollei,Infrared,120,200,BW,202708,1736046075,eb1ea2f258d651e5036a96b6be331bfc,b7bb7d65979543d0a8e5c9179d734f54,00030_000.jpg,dekuNukem,,Single Pack,N/A
30,1,film_box_outside,Rollei,Infrared,120,200,BW,202708,1754578342,2e3f8474640e72f6f75b41d48290ecec,a950a24ab9da4b23b33e0b4b9d28d5d5,00030_001.jpg,The Compartmentalist,,Single Pack,N/A
31,0,film_box_outside,Polaroid,GridFilm,Instant Integral Film,640,Instant,200610,1736046197,5f1b719a68bd00716ca5d8577ab310c1,4f1aabf29f724c9ea3b2bee414b08deb,00031_000.jpg,dekuNukem,,Multi-Pack-2,10exp
31,1,film_box_outside,Polaroid,GridFilm,Instant Integral Film,640,Instant,200610,1736046204,8c0a0413f57a2a74c7808fbac96c0d1a,1dda008c9a844e1b9b64527511fdc282,00031_001.jpg,dekuNukem,,Multi-Pack-2,10exp
31,2,film_box_inside,Polaroid,GridFilm,Instant Integral Film,640,Instant,200610,1736046208,49ee7709b9fcefb59aa9378b2dca83cf,727d6925fdca4834bd96d71c32f40077,00031_002.jpg,dekuNukem,,Multi-Pack-2,10exp
31,3,film_box_inside,Polaroid,GridFilm,Instant Integral Film,640,Instant,200610,1736046214,85776f3faff6c374899401be29675d57,aa6fba27f7c9484291dbf8279a8e3d18,00031_003.jpg,dekuNukem,,Multi-Pack-2,10exp
32,0,film_box_outside,Fujifilm,Fujichrome Professional 100D,120,100,E-6,199212,1736046273,4d5869a6882515cea095f2f81c86a0c1,5dcdd19ddf654415b7eac69183e7439d,00032_000.jpg,dekuNukem,,Single Pack,N/A
32,1,film_box_leaflet,Fujifilm,Fujichrome Professional 100D,120,100,E-6,199212,1736046275,c435ca4ab2177e0fbd011f76e16cea5e,2e00754170744438a318b7f71da1c977,00032_001.jpg,dekuNukem,,Single Pack,N/A
32,2,film_box_leaflet,Fujifilm,Fujichrome Professional 100D,120,100,E-6,199212,1736046279,db36b26bb1adcc4649494bb76fefeaf0,2d0ef64e672342509bad0f88d7908974,00032_002.jpg,dekuNukem,,Single Pack,N/A
33,0,film_box_outside,Jessops,Diamond Everyday,APS,200,C-41,200610,1736046322,0fa60a27575a8fc386f25d66d01adeff,b53e5c167866448d812a4dc8e85967d3,00033_000.jpg,dekuNukem,,Single Pack,40exp
34,0,film_box_outside,Fujifilm,Fujicolor NPL 160,120,160,C-41,199807,1736046435,b79bdcb86abe287c451d4523b743cc8d,ce40cc432d9e445b987fdd72fd88d10b,00034_000.jpg,dekuNukem,,Single Pack,N/A
34,1,film_box_leaflet,Fujifilm,Fujicolor NPL 160,120,160,C-41,199807,1736046438,33899ae1eb7d7a57aa1eac5e7b25fe33,2e3f349e094b49d8ba6e026a98eb1455,00034_001.jpg,dekuNukem,,Single Pack,N/A
34,2,film_box_leaflet,Fujifilm,Fujicolor NPL 160,120,160,C-41,199807,1736046441,f531f27285c6d013266623177bbba0a3,10efb3e22574460db3db552e55684945,00034_002.jpg,dekuNukem,,Single Pack,N/A
35,0,film_box_outside,Kodak,Kodachrome 25,35mm,25,K-14,197801,1736046471,d8b943aed7ddca186795b8128126a6b6,483191da2aa742bba3343cbe9f296477,00035_000.jpg,dekuNukem,,Single Pack,20exp
35,1,film_box_leaflet,Kodak,Kodachrome 25,35mm,25,K-14,197801,1736046473,d31692e7b4e877dd309021584e532928,71a9b098894d4f00a8006ba4b37783b8,00035_001.jpg,dekuNukem,,Single Pack,20exp
35,2,film_box_leaflet,Kodak,Kodachrome 25,35mm,25,K-14,197801,1736046478,2bed0490dcf11762fa2b29424f7f2800,547384566f7d4aff89c18059a11e7f0b,00035_002.jpg,dekuNukem,,Single Pack,20exp
35,3,film_box_processing_envelope,Kodak,Kodachrome 25,35mm,25,K-14,197801,1736046482,5e7caeb28399f21ad0958628711aac85,a64a927ad3a348ae9eeb445a9725acfa,00035_003.jpg,dekuNukem,,Single Pack,20exp
35,4,film_box_processing_envelope,Kodak,Kodachrome 25,35mm,25,K-14,197801,1736046510,b87213bf8f94aae1b10c681f96ad282a,754d321490a3453981be592ac6221b8d,00035_004.jpg,dekuNukem,,Single Pack,20exp
36,0,film_box_outside,Konica,Infrared 750nm,120,32,BW,200003,1736085980,b49f863c50fd74afc126c9a53da7e389,63b2857f2df549878446cc1963362d93,00036_000.jpg,dekuNukem,,Single Pack,N/A
37,0,film_box_outside,Kodak,Technical Pan 6415,120,25,BW,198805,1736086038,7a34a2f430def88aafff771039cddbbe,3a03860d64d2400caee97955197703be,00037_000.jpg,dekuNukem,,Single Pack,N/A
37,1,film_box_leaflet,Kodak,Technical Pan 6415,120,25,BW,198805,1736086040,1f4e7b48d6bfd1c31dc4461bcb52a8db,579e1eee184e49669d586cf512ec1bc8,00037_001.jpg,dekuNukem,,Single Pack,N/A
37,2,film_box_leaflet,Kodak,Technical Pan 6415,120,25,BW,198805,1736086046,086a3d164ec190626d5f790579c66b5d,6bcd669b9d2e44c6929e55a446d1d075,00037_002.jpg,dekuNukem,,Single Pack,N/A
38,0,film_box_outside,Efke,IR 820 Aura,120,100,BW,201303,1736086160,1aaefdee86fb6a7b20a4278667021c40,716e410a3823476e9befa704361f43c9,00038_000.jpg,dekuNukem,,Single Pack,N/A
38,1,film_box_inside,Efke,IR 820 Aura,120,100,BW,201303,1736086162,e11c51146023db28ae579ad528bebba1,4c7b545000f04f4da046d18c43575e19,00038_001.jpg,dekuNukem,,Single Pack,N/A
39,0,film_box_outside,Konica,Infrared 750nm,120,32,BW,199102,1736086214,554c22eff2afd7ce00c75d1f799214e2,79a0275aee8e43e895b5794a8538e696,00039_000.jpg,dekuNukem,,Single Pack,N/A
39,1,film_box_leaflet,Konica,Infrared 750nm,120,32,BW,199102,1736086217,fee652eff3ef0ca47b9051e73f59e14f,b5abc293fb26450eab9bfdda971cf1ad,00039_001.jpg,dekuNukem,,Single Pack,N/A
40,0,film_box_outside,Fujifilm,Fujicolor 100,35mm,100,C-41,201007,1736682742,ecf194176385e44c01e58f11d2c6c689,27d88b35933b4ede958b5b5b5b42013b,00040_000.jpg,b0baspace,,Single Pack,12exp
41,0,film_box_outside,Kodak,Verichrome Pan,620,125,BW,197103,1736682812,c5b6e29fb3ae155bf774eec321b9d096,75c7c232d44949c3b1d766b0d2580195,00041_000.jpg,b0baspace,,Single Pack,N/A
42,0,film_box_outside,Kodak,Elite Chrome,35mm,100,E-6,200108,1736883648,822bb92f035ca8033f74cc904e92a58d,e0b3ec957ade47a99d5cd5abe2a4523c,00042_000.jpg,@ob.skura,,Single Pack,36exp
43,0,film_box_outside,Kodak,Ultra,35mm,400,C-41,200512,1736883694,ef81d7f1158bb8008794f48bbd700437,77dfbdf80e3a4950b40c7ea8c1e369a1,00043_000.jpg,@ob.skura,,Single Pack,24exp
44,0,film_box_outside,Fujifilm,Fujichrome Velvia,35mm,50,E-6,200101,1736883763,306dd5f049828db47e7e2089771de0bb,9b9ee1c1c0e94d968674987799d33182,00044_000.jpg,@ob.skura,,Single Pack,36exp
44,1,film_box_leaflet,Fujifilm,Fujichrome Velvia,35mm,50,E-6,200101,1736883767,61de8ebeb22ba4901e02c48244fb82e4,2e2e20a0b57542e4908ad9fc825e7e76,00044_001.jpg,@ob.skura,,Single Pack,36exp
44,2,film_box_leaflet,Fujifilm,Fujichrome Velvia,35mm,50,E-6,200101,1736883772,47e3432812d07155f874f8afac7de0da,03951cb49c8a44229aa4b5760744fc6f,00044_002.jpg,@ob.skura,,Single Pack,36exp
45,0,film_box_outside,Kodak,High Speed Ektachrome,35mm,160,E-4,197006,1736883871,6032ff6adc51444c16da8db94c9646ac,9702189f65de43c59fce151094a7ec3d,00045_000.jpg,@ob.skura,,Single Pack,36exp
45,1,film_box_leaflet,Kodak,High Speed Ektachrome,35mm,160,E-4,197006,1736883874,28a0b7e0f1e2684ba1aabb16fe3f7053,1fc1082f5b524367820b31b7669e86cd,00045_001.jpg,@ob.skura,,Single Pack,36exp
45,2,film_box_leaflet,Kodak,High Speed Ektachrome,35mm,160,E-4,197006,1736883879,38481a7088204674dceeedb15421edef,6b248d300438476aa38c9b6bce04fc87,00045_002.jpg,@ob.skura,,Single Pack,36exp
46,0,film_box_outside,Porst,Color N21,35mm,100,C-22,197401,1736884074,a317d58f048720aa4e7701a44da0ffa1,e08418889f714c9dbda0858718e0494a,00046_000.jpg,@ob.skura,,Single Pack,20exp
46,1,film_box_leaflet,Porst,Color N21,35mm,100,C-22,197401,1736884076,e869423af5d6a26dbdbf3f4252c11516,e9bc17db34fa4b779e283c96c92b2359,00046_001.jpg,@ob.skura,,Single Pack,20exp
47,0,film_box_outside,Rollei,Infrared,35mm,200,BW,202704,1737477709,494bf6d49706ed25c15d71a6715f8744,9ef642a09d294cbfad7e040a701deae2,00047_000.jpg,@ob.skura,,Single Pack,36exp
47,1,film_box_inside,Rollei,Infrared,35mm,200,BW,202704,1737477712,2450d85c976246bcc14f8e0a459ff7ed,5bbaeaec47a046a683f87f266c73e71e,00047_001.jpg,@ob.skura,,Single Pack,36exp
48,0,film_box_outside,Ilford,Delta 100 Professional,120,100,BW,202408,1737477814,2aaf2d853e3d4547d378376c00c3349f,e39c5eca4e3e4e5badfa00ee512deb8d,00048_000.jpg,@ob.skura,,Single Pack,N/A
48,1,film_box_inside,Ilford,Delta 100 Professional,120,100,BW,202408,1737477817,5942428ddad82d7acb19eb41e715b3d1,e4c76c5b957347178af448f4aa6001d0,00048_001.jpg,@ob.skura,,Single Pack,N/A
49,0,film_box_outside,Wolfen,NC500,35mm,400,C-41,202612,1737477883,306dda03514084ae946b4f48eee07906,6e3408d7e97247e380ea52077a7491c1,00049_000.jpg,@ob.skura,,Single Pack,36exp
50,0,film_box_outside,Shanghai,GP3,127,100,BW,202407,1737477955,bc5026cd028d2eeb980c3b777415075e,0e16f7ae50164c658acd22b8d62e52aa,00050_000.jpg,@ob.skura,,Single Pack,N/A
51,0,film_box_outside,York Photo Labs,DXG 200,35mm,200,C-41,199409,1738666458,9c6ef0a41cc09d618fc3d39429115193,46037fb6c55244b6ae47c55d0e454bf8,00051_000.jpg,b0baspace,,Single Pack,36exp
52,0,film_box_outside,Kodak,Ektachrome 200,35mm,200,E-6,199210,1738666510,79c7448cdff749dc1e8d624091326c8e,7d8346073bbe4d6a84e57cc2bb28b21e,00052_000.jpg,b0baspace,,Single Pack,36exp
52,1,film_box_leaflet,Kodak,Ektachrome 200,35mm,200,E-6,199210,1738666514,577319e12485b0ac53ad68f0bf5008a8,cbae471aa4184cbeabc5b1f8b49f8943,00052_001.jpg,b0baspace,,Single Pack,36exp
52,2,film_box_leaflet,Kodak,Ektachrome 200,35mm,200,E-6,199210,1738666518,1d647ed12e669816e2427340c3c4b382,c6c1d49626e14661a700da5b26e07ca8,00052_002.jpg,b0baspace,,Single Pack,36exp
53,0,film_box_outside,Fujifilm,Fujicolor NPS 160,35mm,160,C-41,200308,1738666571,2fe5f5494ea53c47ccfc5842e22b5f0c,576142521c2f4fe5abc387032bcc5e85,00053_000.jpg,b0baspace,,Single Pack,36exp
53,1,film_box_inside,Fujifilm,Fujicolor NPS 160,35mm,160,C-41,200308,1738666573,716cc556f2d4c05cf3aa13bc0a12ebf1,a11cf7e8abea41a8854da816157269c4,00053_001.jpg,b0baspace,,Single Pack,36exp
54,0,film_box_outside,GAF,Color Slide Film,126,64,AR-1,197401,1738666701,2aa9c283a4fe5958e3d9faa7aedd746e,c426ea17398c4c549c6a2720103adea6,00054_000.jpg,b0baspace,,Single Pack,20exp
54,1,film_box_leaflet,GAF,Color Slide Film,126,64,AR-1,197401,1738666704,1cdf0ec6f40a3a84cf002aa5e6aad8f1,f8987f712bca4daaae3f732500332332,00054_001.jpg,b0baspace,,Single Pack,20exp
54,2,film_box_leaflet,GAF,Color Slide Film,126,64,AR-1,197401,1738666712,f27b881e2e7cbd67ac8fd04b3dfd29bf,02c9a3b0b9f547c4ab3cabb2d1173fdf,00054_002.jpg,b0baspace,,Single Pack,20exp
54,3,film_box_processing_envelope,GAF,Color Slide Film,126,64,E-6,197401,1738666715,b6a970a887b41d0c86f4dc791f36ccc7,a332a7492f2b4a708c8a0ead5b9af986,00054_003.jpg,b0baspace,,Single Pack,20exp
54,4,film_box_processing_envelope,GAF,Color Slide Film,126,64,E-6,197401,1738666720,0edf8ea5072e53d2f672b4bc72f7f7ac,dd9347600c9a47299504239d1038f0dd,00054_004.jpg,b0baspace,,Single Pack,20exp
54,5,film_box_processing_envelope,GAF,Color Slide Film,126,64,E-6,197401,1738666725,11f70dda11017d8dfa2fee782d76e230,90cc6194552d42dd873d9af54a9bc283,00054_005.jpg,b0baspace,,Single Pack,20exp
55,0,film_box_outside,Fujifilm,Fujichrome Provia 100F,35mm,100,E-6,202009,1740175404,11a02661d9dfda0ff824e02e1abacdf9,a3603dbdd8ca49b893c8ce2bc76f356d,00055_000.jpg,@seklerek,,Single Pack,36exp
56,0,film_box_outside,Fujifilm,Fujichrome Velvia 100F,35mm,100,E-6,200703,1740175436,e855ec9f9e45b8d363b7a6fffb8e6d00,ce5c1d786286427ba5633091b06432d4,00056_000.jpg,@seklerek,,Single Pack,36exp
57,0,film_box_outside,Alien Film,5222/XX,35mm,250,BW,202406,1748116820,7e12b1520d94a257ab94ae5e9ba8f64d,9984ed6c13cd4be496e7e4b58e313e49,00057_000.jpg,dekuNukem,,Single Pack,36exp
58,0,film_box_outside,Kentmere,PAN 400,120,400,BW,202609,1748116856,353c31068a9fe6d21d1d75fa71f1b9ea,e876f866f1e9430494356ad098c7d223,00058_000.jpg,dekuNukem,,Single Pack,36exp
58,1,film_box_inside,Kentmere,PAN 400,120,400,BW,202609,1748116859,65e0277a51cb91495e6fe34b0b1f05e3,ecc653f10f124afe9b4225edb7e06587,00058_001.jpg,dekuNukem,,Single Pack,36exp
59,0,film_box_outside,Three Film Rolls,5207,35mm,250,ECN-2,202512,1748116909,3191daf4d9fb86ebe20ab760304d6c25,4de0f5e76dd748c488fa81be23340292,00059_000.jpg,dekuNukem,,Single Pack,36exp
60,0,film_box_outside,Kodak,Kodachrome 64,35mm,64,K-14,200705,1748116947,1a7d186200ebf9ae3542b767d2b4593d,dc9c151b87de48339e564e6692663206,00060_000.jpg,dekuNukem,,Single Pack,36exp
62,0,film_box_outside,Klick,XD200,110,200,C-41,199802,1748117045,4c4dc6eace5c679c40b79b01b148c0ad,2276628aa2794442ae81221329fc44d7,00062_000.jpg,dekuNukem,,Single Pack,24exp
63,0,film_box_outside,Klick,APS Film,APS,200,C-41,200610,1748117086,90bcffd5d238709988ced80edf7c7ec1,1dc3d9dbb8bb42b4acfbfbe0737a4b88,00063_000.jpg,dekuNukem,,Single Pack,25exp
63,1,film_box_inside,Klick,APS Film,APS,200,C-41,200610,1748117088,1a06225556eed8ea0fc68f2491d1badb,dff53610cf16453fb97135efcc0eed86,00063_001.jpg,dekuNukem,,Single Pack,25exp
64,0,film_box_outside,Kodak,Kodacolor-X,120,80,C-22,197401,1748117141,2dd9c2fb8145009cab707c5370d72081,01bfcffd1db54d6eadefbc1442f7a4b1,00064_000.jpg,dekuNukem,,Single Pack,N/A
64,1,film_box_leaflet,Kodak,Kodacolor-X,120,80,C-22,197401,1748117143,4e343b50afa66c188ee12217f3214704,20e8ec19e41a4c1e99eac4cd7ce097fa,00064_001.jpg,dekuNukem,,Single Pack,N/A
64,2,film_box_leaflet,Kodak,Kodacolor-X,120,80,C-22,197401,1748117147,1b89fc9c8796f1dfa9f5cffb2923e48e,fc168256a6044253a1cf1c8362cf5c50,00064_002.jpg,dekuNukem,,Single Pack,N/A
65,0,film_box_outside,ADOX,KB17,35mm,40,BW,196401,1748117257,0634241dfe104b5cf9f7dc7911086430,14047842e1a641268bfd4d01fcf02c95,00065_000.jpg,dekuNukem,,Single Pack,36exp
65,1,film_box_inside,ADOX,KB17,35mm,40,BW,196401,1748117259,93e9f0f4e3800aaa04b4cd7d6d935eb6,04f60deb3d044553a9d662db1d30d3b7,00065_001.jpg,dekuNukem,,Single Pack,36exp
66,0,film_box_outside,Kodak,Advantix Ultra,APS,200,C-41,200608,1748117358,1d3ad17cd5e5cab8be59bac3300b770c,041622f239024ffb8b75c367619a566b,00066_000.jpg,dekuNukem,,Single Pack,25exp
67,0,film_box_outside,Lloyds Pharmacy,APS Film,APS,200,C-41,200708,1748117415,5249c678ba2a7e621d8ba1de6ebd72cb,44bd7d4688e04d19a958d961c2abc7cf,00067_000.jpg,dekuNukem,,Single Pack,40exp
68,0,film_box_outside,Kodak,Kodacolor Gold 200,110,200,C-41,198812,1748117460,5b2922fabcf249c39cdfa7e498845068,78bfeed667154d819902ec92d7dcf368,00068_000.jpg,dekuNukem,,Single Pack,24exp
69,0,film_box_outside,Kodak,T-MAX 100,120,100,BW,202307,1748118443,6897b288dde15283820dc72852155481,9a43d0c373354e1989ea7bb7a43db3b1,00069_000.jpg,dekuNukem,,Multi-Pack-5,N/A
70,0,film_box_outside,Foma,Fomapan Creative 200,120,200,BW,202703,1749159167,642d9d7b4f2d9afc7bc7d5dc83e199a0,7be1cb0047f14034a7386cd7b1843e4f,00070_000.jpg,benikum,,Single Pack,N/A
70,1,film_box_inside,Foma,Fomapan Creative 200,120,200,BW,202703,1749159171,735522d2c35d1341f2730620d1b32a34,b049b10ae15b40319e7b70fed1ccbd71,00070_001.jpg,benikum,,Single Pack,N/A
71,0,film_box_outside,Rollei,SUPERPAN 200,35mm,200,BW,202801,1749159213,f9d841ec1f0f84ce22c5c05fdd1b3dcf,f22d3e1e2f70453f87aea4b67db3ee8f,00071_000.jpg,benikum,,Single Pack,36exp
71,1,film_box_inside,Rollei,SUPERPAN 200,35mm,200,BW,202801,1749159215,12fb5fabda8fa16c180af524bdd385a1,7c96a37e3f0f4550876f507554b2a6dd,00071_001.jpg,benikum,,Single Pack,36exp
72,0,film_box_outside,Rossmann,Jahreszeiten Pack,35mm,100,C-41,200605,1749159327,e775ab99adbc91a7fdcb14b2c5798c52,b09413c4c1f44fceaa31ea8e50bf7670,00072_000.jpg,benikum,,Multi-Pack-3,36exp
73,0,film_box_outside,Fujifilm,200,35mm,200,C-41,202606,1749159539,ccfcbb47c1b477ab7a179a35e20e11b6,fe02d85cb9294ee2ba64e8543ce65b41,00073_000.jpg,Yrikonchik,,Single Pack,36exp
74,0,film_box_outside,Foma,Fomapan21,120,100,BW,197104,1750530016,f81204d618a5ede22582ac50855c13d4,098e510bfaa14be39697b9d8218475d9,00074_000.jpg,benikum,,Single Pack,N/A
76,0,film_box_outside,Harman,Phoenix,35mm,200,C-41,202512,1750810183,b4b7457dc2855247d1566f42228391b5,2fe522ef01b84a9aa6263807135f8eb4,00076_000.jpg,yc128,,Single Pack,36exp
76,1,film_box_inside,Harman,Phoenix,35mm,200,C-41,202512,1750810186,846b4d8324d2939e388498fd1f83e470,a7a70b20b4224baeb85c732245eb31d1,00076_001.jpg,yc128,,Single Pack,36exp
77,0,film_box_outside,Kosmo Foto,Mono,35mm,100,BW,202704,1750810216,65dca3e7250ca6f8d8369a4f85add199,678648d080ba4e3e8f8e3bd7f429b74f,00077_000.jpg,yc128,,Single Pack,36exp
78,0,film_box_outside,Lomography,Lomochrome Purple,35mm,100-400,C-41,202705,1753147038,9a5fe29b22c05280907e16cbccfdf422,b02540ba4b454a639f8096f9474d068f,00078_000.jpg,@SirBrentsworth,,Single Pack,36exp
78,1,film_box_inside,Lomography,Lomochrome Purple,35mm,100-400,C-41,202705,1753147042,cde760f241672d940e622dceea0a7087,bd02e2aa40df4da59c616139d8d06db6,00078_001.jpg,@SirBrentsworth,,Single Pack,36exp
79,0,film_box_outside,Kodak,UltraMax,35mm,400,C-41,202703,1753147086,750ddf24b865d51c2d1a0eedc71f4816,8b0e255948ad4bbc8689d371569caaa6,00079_000.jpg,@SirBrentsworth,,Single Pack,36exp
80,0,film_box_outside,Kodak,Gold,35mm,200,C-41,202606,1753147120,aeae7834fa7c1ad7c2acf6f397d46b94,d2e434e91001465dbea2d815d5e23e7f,00080_000.jpg,@SirBrentsworth,,Single Pack,36exp
81,0,film_box_outside,Kodak,Ektar 100,35mm,100,C-41,202609,1753147151,339356bdabf391f6105a9f8b338b78cb,8552091a80a844a5aec3e9b8185e3498,00081_000.jpg,@SirBrentsworth,,Single Pack,36exp
82,0,film_box_outside,Kentmere,PAN 100,35mm,100,BW,202811,1753147190,9b5ed369622c255dd80506510300ab3f,c4c934a23c59430f8b99c71a9322c907,00082_000.jpg,@SirBrentsworth,,Single Pack,24exp
82,1,film_box_inside,Kentmere,PAN 100,35mm,100,BW,202811,1753147194,018f9cf193d17c2d204784af8eaa19bb,c91fc253637a47dc8507a7dab7d38475,00082_001.jpg,@SirBrentsworth,,Single Pack,24exp
83,0,film_box_outside,Ilford,HP5 Plus,35mm,400,BW,202806,1753147235,14edfa4588632e7cbe932ca5e6c893a2,8db6d8343d544c21bfd539c32525df49,00083_000.jpg,@SirBrentsworth,,Single Pack,36exp
83,1,film_box_inside,Ilford,HP5 Plus,35mm,400,BW,202806,1753147238,b82c18862c1a431c9c806452fd040f54,aa635d75717e4083a0ab53a0c2e1b892,00083_001.jpg,@SirBrentsworth,,Single Pack,36exp
84,0,film_box_outside,Kodak,ColorPlus,35mm,200,C-41,202508,1753147273,b7ba0705b07dae265333992b7734d12b,087223fc24654e3882a4596e3cea79ca,00084_000.jpg,@SirBrentsworth,,Single Pack,36exp
85,0,film_box_outside,CineStill,800T,35mm,800,C-41,202609,1753147336,0ba99732b61ff1a127b414c76150da29,81978ca6f6d048b3a759dffdb80fb3ff,00085_000.jpg,@SirBrentsworth,,Single Pack,36exp
85,1,film_box_inside,CineStill,800T,35mm,800,C-41,202609,1753147346,8f60346377c883e78f43fa3d50fdbb0c,fbd9b946fd4d46f8a45a46112dcd16ae,00085_001.jpg,@SirBrentsworth,,Single Pack,36exp
86,0,film_box_outside,Kodak,Gold,35mm,200,C-41,202704,1753147686,968a9e9686fc431f793eb296862fbbef,856af2ca15fd4a0bad0df6eb29a2855e,00086_000.jpg,@SirBrentsworth,,Multi-Pack-3,36exp
87,0,film_box_outside,Fujifilm,Fujicolor Superia Reala,35mm,100,C-41,200704,1753717134,b158259530002d50f2cd627759efab94,bab5fa204b25431a9872c4ce8e9aa7de,00087_000.jpg,@recycling.film,,Single Pack,36exp
88,0,film_box_outside,Kodak,Portra 800,35mm,800,C-41,202506,1753717168,da2ad339cc4f9bd279844809c2ec7576,7ebac9d7fb8c4ff9b7fbabcaec1d7d65,00088_000.jpg,@recycling.film,,Single Pack,36exp
89,0,film_box_outside,Kodak,Portra 160,35mm,160,C-41,201308,1753717208,172b90d1c20e0d94009226ce47ce704b,9131fb90db70475dbad5f63f1448ce56,00089_000.jpg,@recycling.film,,Multi-Pack-5,36exp
90,0,film_box_outside,Ilford,HP5 Plus,35mm,400,BW,202208,1753717259,b5bba9a78992d38ff924146a1c7f8434,fcbc3377fa3d4ca9b58779f86ed7c725,00090_000.jpg,@recycling.film,,Single Pack,36exp
91,0,film_box_outside,Kodak,ColorPlus,35mm,200,C-41,202608,1753717282,5419c8a441057cbc926e90686e3b829c,bd00cd25958d4108a7501bf4be9d6637,00091_000.jpg,@recycling.film,,Single Pack,36exp
92,0,film_box_outside,Foma,Fomapan Creative 200,35mm,200,BW,202801,1753731469,20ff99b8b0298fabd12e8bf5a84503cd,c3d51159b481435b90dbe2411de784a5,00092_000.jpg,lilyu.xyz,,Single Pack,36exp
92,1,film_box_inside,Foma,Fomapan Creative 200,35mm,200,BW,202801,1753731471,1350366d87ca4077b72b113cc28ebebb,ae13defc8e3d43e2988974430ea63335,00092_001.jpg,lilyu.xyz,,Single Pack,36exp
93,0,film_box_outside,Agfa,APX,35mm,100,BW,202805,1753731627,2b9bcef535c29f2f8f5df70206434efd,ecf4e081ccf64a9a8606601f9f665276,00093_000.jpg,lilyu.xyz,,Single Pack,36exp
93,1,film_box_inside,Agfa,APX,35mm,100,BW,202805,1753731629,f37febff5c4f63b34d5de2b6a9e8d261,286ea2dbf5394a36b8f013b9aaa33a46,00093_001.jpg,lilyu.xyz,,Single Pack,36exp
94,0,film_box_outside,Kodak,Gold Ultra 400,35mm,400,C-41,200101,1753731807,501da7adb6c98bc284bcad7ce510999b,c2dc7711cd38434da5cfea8750f61358,00094_000.jpg,lilyu.xyz,,Multi-Pack-2,24exp
94,1,film_box_outside,Kodak,Gold Ultra 400,35mm,400,C-41,200101,1753731810,8a071528e6fcba018f81bc4b484c4225,1501f7eec7f34d3788b6c7b94a4134df,00094_001.jpg,lilyu.xyz,,Multi-Pack-2,24exp
95,0,film_box_outside,Kodak,Gold,35mm,100,C-41,200110,1753731929,5fe577cc84535a38d448b9fc1bbb96d1,e45118f7bd5e4ae682e5747a81f0ea58,00095_000.jpg,lilyu.xyz,,Multi-Pack-3,36exp
95,1,film_box_outside,Kodak,Gold,35mm,100,C-41,200110,1753731932,abaa3fb1849e5ab30d6f680bf7a8f45d,86ebec2c1a1d41359d84654d24dbac69,00095_001.jpg,lilyu.xyz,,Multi-Pack-3,36exp
96,0,film_box_outside,Perutz,Superomnia,9x12cm,125,BW,Unknown,1753732169,ba2ba538dca88814672ad9b3ae56afae,b220e7d5dbee49898fbd1d42ee67c90d,00096_000.jpg,lilyu.xyz,,Single Pack,12 Sheets
97,0,film_box_outside,Kodak,Kodacolor VR,35mm,200,C-41,198706,1753733441,938c04b11d33d81cc89a86364e066b59,a26daa2cb6e44957af3d978bc67e035f,00097_000.jpg,@ftfilmphotos,,Single Pack,36exp
97,1,film_box_inside,Kodak,Kodacolor VR,35mm,200,C-41,198706,1753733443,2a4004a7c43dc26dea3cb7d8cf9bda13,185225c336bc491683c7a1806458c4e8,00097_001.jpg,@ftfilmphotos,,Single Pack,36exp
98,0,film_box_outside,Agfa,Autolith Repo,9x12cm,Unknown,BW,Unknown,1753805828,6789121d99d9989091817dbb6b2bd70e,952823ad9ef14c75a83ac8e230b38e68,00098_000.jpg,Nano_Burger,,Single Pack,12 Sheets
99,0,film_box_outside,Kodak,Eastman High Contrast Panchromatic 7369,16mm,Unknown,D-97,Unknown,1753806037,6d0096c9a06103f8eca2a5530f80c50e,46cc0a179fc34cb4832e1d3336bafaec,00099_000.jpg,Nano_Burger,,Single Pack,100ft
100,0,film_box_outside,Kodak,Ektachrome 400,35mm,400,E-6,199011,1753806162,74a6bb6020e861b2b9ba601fbade402d,2330da9237ad4dbaac0028199f363c96,00100_000.jpg,Nano_Burger,,Single Pack,24exp
100,1,film_box_inside,Kodak,Ektachrome 400,35mm,400,E-6,199011,1753806164,af7f386a903d43e38935e47c2dda7a94,c8ecef6f805d4a7eab60f82855687e17,00100_001.jpg,Nano_Burger,,Single Pack,24exp
101,0,film_box_outside,Agfa,Isopan FF,35mm,8,BW,194610,1753806406,1bf6753bda8fa954a425254ecb722833,9ea6437ea85442048ffe63b8b64c3700,00101_000.jpg,Nano_Burger,,Single Pack,36exp
102,0,film_box_outside,Kodak,High Speed Infrared,35mm,80,BW,199003,1753806537,89f02950b4c232e96bc7065e287c9369,7b611fc399af469a80ac1a0124c84294,00102_000.jpg,Nano_Burger,,Single Pack,36exp
102,1,film_box_leaflet,Kodak,High Speed Infrared,35mm,80,BW,199003,1753806539,90fd228a30db376017c2c59952a75b4f,5cdb927687974c8db4458239ed9a09b4,00102_001.jpg,Nano_Burger,,Single Pack,36exp
102,2,film_box_leaflet,Kodak,High Speed Infrared,35mm,80,BW,199003,1753806546,22d0c2e6feaec15a23308e8077e972f9,1058c3167209457aac0f4336c911c8b3,00102_002.jpg,Nano_Burger,,Single Pack,36exp
103,0,film_box_outside,Kodak,High Speed Infrared,35mm,80,BW,200810,1753806665,7dcd1dac1b98add6e58367509bc1e485,77352e93d73748eca98cff7b30d7883e,00103_000.jpg,Nano_Burger,,Single Pack,36exp
103,1,film_box_inside,Kodak,High Speed Infrared,35mm,80,BW,200810,1753806667,9358d70074f9c58d4a5230253116191e,5667abf6f7f04edba88137bd54153841,00103_001.jpg,Nano_Burger,,Single Pack,36exp
104,0,film_box_outside,Kodak,T-MAX P3200,35mm,3200,BW,199107,1753806754,ac5429feb30a24ba6c40190526b17391,9e4ea1efa5a54938985fdf8901951dff,00104_000.jpg,Nano_Burger,,Single Pack,36exp
104,1,film_box_leaflet,Kodak,T-MAX P3200,35mm,3200,BW,199107,1753806756,234ca8fe1ca792fd25d9edd22fccddc7,b9d1b08379d9482bbc799101f6881f12,00104_001.jpg,Nano_Burger,,Single Pack,36exp
104,2,film_box_leaflet,Kodak,T-MAX P3200,35mm,3200,BW,199107,1753806758,1ff153d650b4779322e2e05afbc2b19b,a6740f1fc4df4b80a8a4dee83a26c04b,00104_002.jpg,Nano_Burger,,Single Pack,36exp
105,0,film_box_outside,Kodak,Rapid Process Copy Film,35mm,0.06,BW,200006,1753806928,2f2ecdfadc0e5287ff6b6903f47b0483,396a3645cb9a40a4b0a6dd2fd854e66e,00105_000.jpg,Nano_Burger,,Single Pack,36exp
105,1,film_box_outside,Kodak,Rapid Process Copy Film,35mm,0.06,BW,200006,1753806930,af2e66b90c07f0781b43de22e0ea7971,bab6cc70d0044171a1afcf33b6cb5556,00105_001.jpg,Nano_Burger,,Single Pack,36exp
105,2,film_box_inside,Kodak,Rapid Process Copy Film,35mm,0.06,BW,200006,1753806932,4462f9084b30b81925a55853d6e3a146,fc2e102fecae4f2dbd04fd341fdb7afd,00105_002.jpg,Nano_Burger,,Single Pack,36exp
106,0,film_box_outside,Kodak,Technical Pan,35mm,25,BW,199504,1753807209,edf0e6c4d6dab0f5413bac5d5ac388cc,e65b4252384141028ee037892c6bf4cf,00106_000.jpg,Nano_Burger,,Bulk Roll,150ft
106,1,film_box_inside,Kodak,Technical Pan,35mm,25,BW,199504,1753807211,63ecb32036c0bc56a4b21add8f7ccc44,fd713c7576534f62832529c13f74996b,00106_001.jpg,Nano_Burger,,Bulk Roll,150ft
107,0,film_box_outside,Kodak,High Speed Ektachrome,35mm,125,E-4,197701,1753826107,fea879cbc8e97ee86f99a9b5baf6053f,86470a73e4b5436b97ffb272be6bb8f8,00107_000.jpg,Henry Gunn,,Single Pack,36exp
107,1,film_box_leaflet,Kodak,High Speed Ektachrome,35mm,125,E-4,197701,1753826109,ffb30a7ad3300afc42b3649c9d9373d0,6d7d9f75f74b4caebbb7a7c6e27c663b,00107_001.jpg,Henry Gunn,,Single Pack,36exp
107,2,film_box_leaflet,Kodak,High Speed Ektachrome,35mm,125,E-4,197701,1753826117,45c00df2a4f9911345284353404a930d,e582ca2ca6ec44e49e9d9e96a56b930e,00107_002.jpg,Henry Gunn,,Single Pack,36exp
108,0,film_box_outside,Tasma,OCh 50,35mm,50,BW,199105,1753826631,3e0a3532c86d2cfe869eac4c88b83da9,58211887217046be9d2dfcce8d0c5c43,00108_000.jpg,Henry Gunn,,Single Pack,36exp
109,0,film_box_outside,Harman,Phoenix II,120,200,C-41,202706,1753910932,305e9f815f273ea39b2fe40687f128d9,42f9d40379814cf8b02c3f0daf74f686,00109_000.jpg,yc128,,Single Pack,N/A
109,1,film_box_inside,Harman,Phoenix II,120,200,C-41,202706,1753910934,578a075e6c3f17089437237024a90b12,db80264f66ae451abd1b0cc6f34e3280,00109_001.jpg,yc128,,Single Pack,N/A
110,0,film_box_outside,Harman,Phoenix II,35mm,200,C-41,202706,1753911085,ad094eb102899e7a65723567a6add5f2,f12ed23e31e14008a969fe05f29940df,00110_000.jpg,yc128,,Single Pack,36exp
110,1,film_box_inside,Harman,Phoenix II,35mm,200,C-41,202706,1753911086,f4426c1140fddacbc049c8c570df58d4,b6dcbe9ae6ea4aebabaf290f3160a553,00110_001.jpg,yc128,,Single Pack,36exp
111,0,film_box_outside,Ilford,FP4 Plus,120,125,BW,202604,1753911177,56c56b0a08f22bb579fd2c61424bbee8,c6c88d6d009048e9ac3721bdc7f076e7,00111_000.jpg,yc128,,Single Pack,N/A
111,1,film_box_inside,Ilford,FP4 Plus,120,125,BW,202604,1753911179,a63d45d377629726f7519a3c80981a74,95c6d78d0b0540a9ba70dc769609a112,00111_001.jpg,yc128,,Single Pack,N/A
112,0,film_box_outside,SantaColor,SantaColor,35mm,100,C-41,202509,1753911376,be9d5a2427813193ee1c7761ef03306b,e54ce68c797b4846b9aee3f5818ecb58,00112_000.jpg,yc128,,Single Pack,36exp
113,0,film_box_outside,Kodak,Ektachrome 100 Plus,35mm,100,E-6,200208,1753921101,f16605d70311bb7a8a6165aeb15d8abc,b17b7b46926e49ae88a7b74904245d9f,00113_000.jpg,toader,,Single Pack,36exp
113,1,film_box_inside,Kodak,Ektachrome 100 Plus,35mm,100,E-6,200208,1753921126,4cbbcfea4d5cbd54c9aadf83202dbf44,1ac536af04e3459fa3389050a3c93bee,00113_001.jpg,toader,,Single Pack,36exp
114,0,film_box_outside,Kodak,Ektachrome Elite 100,35mm,100,E-6,199511,1753921168,866cafae699ccb031c49a1295e583f91,175cf2b69fe3413093d9d7f9ea0d26ef,00114_000.jpg,toader,,Single Pack,24exp
114,1,film_box_inside,Kodak,Ektachrome Elite 100,35mm,100,E-6,199511,1753921170,7b1dd6ccf0d9ecdde69b9dca34977c9c,89d1b19f3e364f55adc2523a07ed9ddb,00114_001.jpg,toader,,Single Pack,24exp
115,0,film_box_outside,Agfa,Agfapan Rapid,35mm,40,BW,196902,1753984184,c271faf0fbbe18f8c552e3424e0757b5,b2470c1734d344698f6e1c01eaa85e7b,00115_000.jpg,The Compartmentalist,,Single Pack,12exp
116,0,film_box_outside,Fujifilm,Fujichrome Sensia 100,35mm,100,E-6,199801,1753984208,9a3a461d947d1797d9082e839572aa9c,d4fdfa0d829f4fcab984381a31f2a59b,00116_000.jpg,The Compartmentalist,,Single Pack,36exp
116,1,film_box_inside,Fujifilm,Fujichrome Sensia 100,35mm,100,E-6,199801,1753984212,a41aa55b1c6c063eb0077e68dc0cc9ac,4f21cef93ed3401caed74619ffa2b595,00116_001.jpg,The Compartmentalist,,Single Pack,36exp
117,0,film_box_outside,Fujifilm,Fujicolor Professional,35mm,100,C-41,201202,1753984324,fcd1d1e1fdf374f9f13af00cdd13c35c,cb85af928a7f454e9673960e22b428da,00117_000.jpg,The Compartmentalist,,Single Pack,24exp
118,0,film_box_outside,Fujifilm,Neopan SS Rapid,35mm,100,BW,197502,1753984391,57713c63518f11e20c1f915d5c95d2ae,1c541b4c837944d788eab8986f349db3,00118_000.jpg,The Compartmentalist,,Single Pack,12exp
119,0,film_box_outside,Kodak,Ektachrome-X,35mm,64,E-4,197306,1753984526,d6ad79e59ac09fcb76ddd952b3280cb4,6a81b1428cfe46c8b9cf187fb672aec5,00119_000.jpg,The Compartmentalist,,Single Pack,20exp
120,0,film_box_outside,Kodak,Ektachrome-X,828,64,E-4,197203,1753984594,eb1360259f5f2a01710b3db958fca791,4ee1eec740dd4838a83384cc19c6ae7e,00120_000.jpg,The Compartmentalist,,Single Pack,8exp
121,0,film_box_outside,Kodak,Kodachrome 25,35mm,25,K-14,198303,1753984637,c24a59f0ac56bca3dd7560cffbe7a7fc,6239a04366d74208a9010cd231688833,00121_000.jpg,The Compartmentalist,,Single Pack,36exp
122,0,film_box_outside,Sakura,Sakuracolor II,35mm,100,C-41,197802,1753984704,1873ac452283f086c8cf9f4c594e442c,0143ad8539d84710845f4d2dc82e4f7d,00122_000.jpg,The Compartmentalist,,Single Pack,36exp
123,0,film_box_outside,Bergger,Pancro400,35mm,400,BW,202612,1753986816,c131ce8b1f43a76540d7faa0ea982719,0d9fee6b29f445f089acde3247d1f619,00123_000.jpg,Pelicram,,Single Pack,36exp
123,1,film_box_inside,Bergger,Pancro400,35mm,400,BW,202612,1753986818,22970039e291b6291b6c27b3beaf1099,29d10e873e704093bd65148f288f968b,00123_001.jpg,Pelicram,,Single Pack,36exp
124,0,film_box_outside,Bergger,Pancro400,120,400,BW,202603,1753986899,5e257bc424c6f38e0108ea7c400f2c86,73396128854a4c6ab3723a549225ad7b,00124_000.jpg,Pelicram,,Single Pack,N/A
124,1,film_box_inside,Bergger,Pancro400,120,400,BW,202603,1753986901,8d94dd083a2c96955b53ffcb98a146a5,5643e1130f1949c48dfdeddc7c7a955f,00124_001.jpg,Pelicram,,Single Pack,N/A
125,0,film_box_outside,Ilford,Delta 3200 Professional,120,3200,BW,202505,1753987003,91bae56e50f50b6a6d97870eea67a267,78d1111d1b234dcfb272c00d7935920f,00125_000.jpg,Pelicram,,Single Pack,N/A
125,1,film_box_inside,Ilford,Delta 3200 Professional,120,3200,BW,202505,1753987006,acd8b1ea7089cef0e2578fe3236d6091,06dcb1f1f350482ba935ad30bd5a42b6,00125_001.jpg,Pelicram,,Single Pack,N/A
126,0,film_box_outside,Ilford,Delta 3200 Professional,35mm,3200,BW,202706,1753987025,79c5c4473e617671924d4c1ae2231227,d6f377dbe74745a0aacdf51ce7669b54,00126_000.jpg,Pelicram,,Single Pack,36exp
126,1,film_box_inside,Ilford,Delta 3200 Professional,35mm,3200,BW,202706,1753987027,b47713faf14a99d7a7579b01cbee6356,3921b5a404564bb2b4231bf59d22e6d3,00126_001.jpg,Pelicram,,Single Pack,36exp
127,0,film_box_outside,Foma,Ortho 400,120,400,BW,202604,1753987430,39ec1b3dc6b1aa2c250ac3073ebebf0e,4c97e2b7413b42278b0fd129c1c589e7,00127_000.jpg,Pelicram,,Single Pack,N/A
127,1,film_box_inside,Foma,Ortho 400,120,400,BW,202604,1753987433,0eea9c8b25539ddadd43a74dc2684177,728d195752464a448163dbb0ad4e8aa0,00127_001.jpg,Pelicram,,Single Pack,N/A
128,0,film_box_outside,SantaColor,SantaColor,35mm,100,C-41,202509,1753987468,93b211386347ccabc255d6bc09d92bff,0a141b49a84a4b06a18355308940f3a7,00128_000.jpg,Pelicram,,Multi-Pack-5,36exp
129,0,film_box_outside,Foma,Fomapan Classic 100,35mm,100,BW,202707,1753988508,e86acef629c00a3aa95c82b6753a42f4,bf1734a1ea48495d92afb7d03bdf0030,00129_000.jpg,Pelicram,,Single Pack,36exp
129,1,film_box_inside,Foma,Fomapan Classic 100,35mm,100,BW,202707,1753988510,8d59ba23852dfff38e6b78401fe0db70,01adf7d0b4df41f990c60d5cafb7f55f,00129_001.jpg,Pelicram,,Single Pack,36exp
130,0,film_box_outside,Svema,Foto 400,35mm,400,BW,202604,1753988560,2317871389f74180608b38e578035eab,6e9f27ffcfea4f298be7d33d7f3826ad,00130_000.jpg,Pelicram,,Single Pack,36exp
131,0,film_box_outside,Wolfen,NP100,35mm,100,BW,202712,1753988614,725c8e2513f871706144599592b7cade,898148fa3a754866a407bbecec4a71a6,00131_000.jpg,Pelicram,,Single Pack,36exp
132,0,film_box_outside,JCH,Streetpan,35mm,400,BW,202502,1753988658,c3e826502f766540bc540a6827669a91,1873b4d20d2a47659ab15d0af4146e58,00132_000.jpg,Pelicram,,Single Pack,36exp
132,1,film_box_inside,JCH,Streetpan,35mm,400,BW,202502,1753988666,f19707ee740101a45bc59bac436a3105,19dfce255f604980b0f596b8895d923f,00132_001.jpg,Pelicram,,Single Pack,36exp
133,0,film_box_outside,Foma,Fomapan Classic 100,120,100,BW,202704,1753988709,504cec2878a43ad365f4b8ac686337ca,a0786cc1bc884f66bbb84118d55665ad,00133_000.jpg,Pelicram,,Single Pack,N/A
133,1,film_box_inside,Foma,Fomapan Classic 100,120,100,BW,202704,1753988714,86d5df9642412def1f86be849469abea,0d7f7062ffb34d0c91f0080e3749cbe4,00133_001.jpg,Pelicram,,Single Pack,N/A
134,0,film_box_outside,Lomography,Orca,110,100,BW,202707,1753988762,9cfb382ee7935f390cca8d3e95cfc03c,6d10288df24748fa8944774857f3d506,00134_000.jpg,Pelicram,,Single Pack,24exp
135,0,film_box_outside,Kodak,Tri-X 400,35mm,400,BW,202609,1753988794,9e5fe20dd21f79507b7b1a99c9b2d3b0,0417faf4f5be42538db49741140bc671,00135_000.jpg,Pelicram,,Single Pack,36exp
136,0,film_box_outside,Rollei,RPX 400,35mm,400,BW,202808,1753988855,c8733929469e3989b26e38f41f416db4,19ef81d6d03844b088250c7b54032155,00136_000.jpg,Pelicram,,Single Pack,36exp
136,1,film_box_inside,Rollei,RPX 400,35mm,400,BW,202808,1753988857,b85b1f949765058a36df21250552c984,962831862dbc4da89c8b979e5fb6584b,00136_001.jpg,Pelicram,,Single Pack,36exp
137,0,film_box_outside,Hazenfilm,Sorolla Chrome,35mm,100,E-6,202608,1753988927,92804cf1383f6231f1059338ec793f7e,462e32d45cd740cf866732a73a00889f,00137_000.jpg,Pelicram,,Single Pack,36exp
138,0,film_box_outside,Konica,KonicaColor VX 200,35mm,200,C-41,200303,1753988966,84070030a3a366263d25e090186e3434,dd3a6c347560484295ca09c86e3dfe53,00138_000.jpg,Pelicram,,Multi-Pack-3,24exp
138,1,film_box_inside,Konica,KonicaColor VX 200,35mm,200,C-41,200303,1753988969,74ecfe146d9ad8c7e4f06829836f1faa,9f45eb2e52134da79a732605103a6f39,00138_001.jpg,Pelicram,,Multi-Pack-3,24exp
139,0,film_box_outside,Fujifilm,Fujicolor Superia,35mm,200,C-41,200007,1753989032,2b0f1ce56ed21dbbdfd52a96dc5aaeaa,2b50b3d82a7340ffbe9bff871793d1b7,00139_000.jpg,Pelicram,,Multi-Pack-3,24exp
139,1,film_box_inside,Fujifilm,Fujicolor Superia,35mm,200,C-41,200007,1753989035,d21b34a8c75c1d95219438e8ee338e02,a193a13c20a24dada68357552593974f,00139_001.jpg,Pelicram,,Multi-Pack-3,24exp
140,0,film_box_outside,Ilford,HP5 Plus,120,400,BW,201206,1753989060,7a445c7d3b74282404f974c78debf78e,dbf3817f506a444b9d394745dba311a8,00140_000.jpg,Pelicram,,Single Pack,N/A
140,1,film_box_inside,Ilford,HP5 Plus,120,400,BW,201206,1753989062,1136151606592a5b548dedcb7ea975c0,17ab4481b81243c9bbc211688ba2336a,00140_001.jpg,Pelicram,,Single Pack,N/A
141,0,film_box_outside,Lomography,Fantome,35mm,8,BW,202601,1753989108,e77c329a3265dc8fa4a450f0f9801404,538e7611233a4cc3bd733763bf694340,00141_000.jpg,Pelicram,,Single Pack,36exp
142,0,film_box_outside,Kodak,T-MAX P3200,35mm,3200,BW,202608,1753989170,900e786e3adddac8615560e4e31bebfb,8f91948e930f491a8684337e32d443a2,00142_000.jpg,Pelicram,,Single Pack,36exp
143,0,film_box_outside,Lomography,Tiger,110,200,C-41,202609,1753989216,78e8ab8c3779bc3ea9dfb8ce8efeff5c,e8a5b04ef68c43ae9e79df89123726dd,00143_000.jpg,Pelicram,,Single Pack,24exp
144,0,film_box_outside,Kodak,T-MAX P3200,35mm,3200,BW,202604,1753989244,d17951b2510f1ca02f01e57b0da723be,39fa3ae0251e4cdbaf8240602537521a,00144_000.jpg,Pelicram,,Single Pack,36exp
145,0,film_box_outside,Kentmere,PAN 400,35mm,400,BW,202907,1753989274,eefab399f0ab5d9a8616d2df17e222aa,58f2bea3a3204a1dafebf2881d99a327,00145_000.jpg,Pelicram,,Single Pack,24exp
145,1,film_box_inside,Kentmere,PAN 400,35mm,400,BW,202907,1753989276,ed6caca95e9ec4edb46cae11e269dd87,c771fff8ecbb4c9b981f3606dd4fa428,00145_001.jpg,Pelicram,,Single Pack,24exp
146,0,film_box_outside,Kodak,Värikuvafilmi,35mm,200,C-41,200112,1753989376,088ec288d1472fa10dce64d71e51aed8,b8795d19697a453c8f27fde773eaf9ff,00146_000.jpg,Pelicram,,Multi-Pack-2,24exp
147,0,film_box_outside,Lomography,Babylon,35mm,13,BW,202509,1753989404,1d674d9a0c1a2691a4e62ad495c55eed,9d7f531c7a764f9689228ab477297afa,00147_000.jpg,Pelicram,,Single Pack,36exp
148,0,film_box_outside,Agfa,Isopan ISS,35mm,100,BW,196311,1753990168,9c71c3d1b13034fa98a3c4cdf8cb78b9,cdcaa912ee0142c3b76eb1500e2375fa,00148_000.jpg,Pelicram,,Single Pack,20exp
149,0,film_box_outside,Kodak,Gold,35mm,100,C-41,199905,1753991067,40aa38330d0d6cfa4d7bfac32da52d4a,c56f944bf87d40dcac75cf41aeb82f8d,00149_000.jpg,fine-seat,,Single Pack,36exp
150,0,film_box_outside,Fujifilm,Fujicolor Super HG,35mm,100,C-41,199407,1753991100,2108de6e018afcfaf99bb9d5fdbafbea,9233714654ff481089c2d4ff1334ee94,00150_000.jpg,fine-seat,,Single Pack,36exp
150,1,film_box_inside,Fujifilm,Fujicolor Super HG,35mm,100,C-41,199407,1753991102,404419cd9914d9be9beff07d17dd18cc,302969081f4442239212b8e123d38378,00150_001.jpg,fine-seat,,Single Pack,36exp
151,0,film_box_outside,Alfo,ALFOcolor PR-G,35mm,1600,C-41,199308,1753991226,f673e8a49e6bb09c76a86a8e053295b5,cc723aa89e9e43ec8ac1ebd18efa94b9,00151_000.jpg,fine-seat,,Single Pack,24exp
152,0,film_box_outside,Agfa,AgfaColor XRG 200,35mm,200,C-41,200503,1753991293,ab9b380f73157e29cece410bcf774529,86136eea89d14e15b60dfcdf45b1689e,00152_000.jpg,fine-seat,,Single Pack,36exp
152,1,film_box_inside,Agfa,AgfaColor XRG 200,35mm,200,C-41,200503,1753991296,92ef6a04efba1d4fcc3c1e01cf35e1c7,5598d8aac5844772a87d019a7d37e9f6,00152_001.jpg,fine-seat,,Single Pack,36exp
153,0,film_box_outside,Kodak,Kodacolor VR Plus,35mm,400,C-41,201203,1753991336,21e56cc1a11e3225f11771f03988ee63,faf0a44eece541a9b701feb772f4f8bf,00153_000.jpg,fine-seat,,Multi-Pack-2,36exp
154,0,film_box_outside,Kodak,Ektachrome 160 Movie Film Type A,Super 8,160,Unknown,198011,1753991791,2b11a632fe93ca22801ea60a2c313c4e,6032680a3aba41b39c600d7e23998f62,00154_000.jpg,fine-seat,,Single Pack,50ft
154,1,film_box_leaflet,Kodak,Ektachrome 160 Movie Film Type A,Super 8,160,Unknown,198011,1753991793,4f3fd31575d1da543e3308d81dcd4040,28c6f19bd37e4199a072687d11b19961,00154_001.jpg,fine-seat,,Single Pack,50ft
154,2,film_box_leaflet,Kodak,Ektachrome 160 Movie Film Type A,Super 8,160,Unknown,198011,1753991796,4166922268f826d30b7f95edc16be00a,5d06a8833e0e44e8ab8d53bc0ce11095,00154_002.jpg,fine-seat,,Single Pack,50ft
154,3,film_box_processing_envelope,Kodak,Ektachrome 160 Movie Film Type A,Super 8,160,Unknown,198011,1753991800,e92ef35683fc722bc86a3271c108c716,870ff01807e949a7b361cdad01dddf7f,00154_003.jpg,fine-seat,,Single Pack,50ft
154,4,film_box_processing_envelope,Kodak,Ektachrome 160 Movie Film Type A,Super 8,160,Unknown,198011,1753991802,c0ac003b8ed9bfc15c827f704b4f0ca1,31df442b386446679540b0cf52c92fd7,00154_004.jpg,fine-seat,,Single Pack,50ft
155,0,film_box_outside,Kodak,Ektachrome E100,35mm,100,E-6,202702,1754119896,c435419f4cb4ab3d440feb1645e4416e,829cd9dd98cd489f8bff71e403c1ae10,00155_000.jpg,toader,,Single Pack,36exp
156,0,film_box_outside,Polaroid,Color SX-70 Film,Instant Integral Film,160,Instant,202504,1754120107,716bf1b0a4b8b2088af6cf0a83a62bd4,b4af154cea6f40c0aa1d4154d0c2dc7f,00156_000.jpg,toader,,Single Pack,8exp
156,1,film_box_outside,Polaroid,Color SX-70 Film,Instant Integral Film,160,Instant,202504,1754120109,9b4151542c13754ad750b016d0e1c5ca,5ce2d6b8b1894bf7b67c5a9fdd635a6e,00156_001.jpg,toader,,Single Pack,8exp
156,2,film_box_inside,Polaroid,Color SX-70 Film,Instant Integral Film,160,Instant,202504,1754120113,cb2cbb811ed09bcece22865798d2c8c1,170151c0a84e459db08a9b3718b67743,00156_002.jpg,toader,,Single Pack,8exp
156,3,film_box_inside,Polaroid,Color SX-70 Film,Instant Integral Film,160,Instant,202504,1754120117,97aa3a8076904e4dba37f286f5b801d8,3c3020e2767a48b88a7dd8662a0ec06d,00156_003.jpg,toader,,Single Pack,8exp
157,0,film_box_outside,Polaroid,Color 600 Film Round Frame,Instant Integral Film,640,Instant,202412,1754120157,be8ae0fae163fc61a253c8b26a611594,e798fdd114be4a018cb7651bba94d985,00157_000.jpg,toader,,Single Pack,8exp
157,1,film_box_outside,Polaroid,Color 600 Film Round Frame,Instant Integral Film,640,Instant,202412,1754120159,cd206563bad1a85f47282de26471aede,b9ec4052b0d548ef90f77d7fc99d0ccb,00157_001.jpg,toader,,Single Pack,8exp
157,2,film_box_inside,Polaroid,Color 600 Film Round Frame,Instant Integral Film,640,Instant,202412,1754120162,a9c22b3816082f27021c2cbfa5d43ac8,95b81cc72d3646d6966a2341510333aa,00157_002.jpg,toader,,Single Pack,8exp
157,3,film_box_inside,Polaroid,Color 600 Film Round Frame,Instant Integral Film,640,Instant,202412,1754120165,b4a779e913298da563415977be144fff,038f964e849d4fd1a0c6f1aeb6dd4b0e,00157_003.jpg,toader,,Single Pack,8exp
158,0,film_box_outside,Polaroid,87,Instant Pack Film,3000,Instant,200607,1754246674,2a1cacca4d52591a209443df17ef1082,5a63521777ca4f788d01aac5f94862ef,00158_000.jpg,dekuNukem,,Single Pack,10exp
158,1,film_box_inside,Polaroid,87,Instant Pack Film,3000,Instant,200607,1754246676,a55d1dfe3e9fa40d00023dbf1eb19336,55178f72127944e898f8804ac2663c79,00158_001.jpg,dekuNukem,,Single Pack,10exp
159,0,film_box_outside,Polaroid,PolaPan 35mm,35mm,125,Instant,198804,1754246725,a3882561c3d017185121a9af85dc46c5,24a8ae46c50049afb35fc44e956a9825,00159_000.jpg,dekuNukem,,Single Pack,12exp
159,1,film_box_leaflet,Polaroid,PolaPan 35mm,35mm,125,Instant,198804,1754246729,436d69e5a74cf96f2d586aca15010d09,a650b451e12b4e1fabb05b4f1f23fb29,00159_001.jpg,dekuNukem,,Single Pack,12exp
159,2,film_box_leaflet,Polaroid,PolaPan 35mm,35mm,125,Instant,198804,1754246734,32042712b543a5a509c034fe5d17843f,30abcb19f7ce46d39021fb057efb95f6,00159_002.jpg,dekuNukem,,Single Pack,12exp
159,3,film_box_leaflet,Polaroid,PolaPan 35mm,35mm,125,Instant,198804,1754246736,2b32d3bd7e848353d7fa5385b8181a55,61e5cb43037441ca9a06dd2a4883833c,00159_003.jpg,dekuNukem,,Single Pack,12exp
159,4,film_box_leaflet,Polaroid,PolaPan 35mm,35mm,125,Instant,198804,1754246739,9637b9481082ba050dce3f207ea5082d,d4369d4ac7bc432cb5bf9acdb0d835d7,00159_004.jpg,dekuNukem,,Single Pack,12exp
160,0,film_box_outside,Kodak,Ektachrome E100VS,120,100,E-6,201004,1754246786,25f3caecc18b1f4d7b343e10813cb265,e8673d04cee440bd9c065a37a485a8d3,00160_000.jpg,dekuNukem,,Multi-Pack-5,N/A
161,0,film_box_outside,Polaroid,Polacolor 679,Instant Pack Film,100,Instant,199806,1754246997,5c747d08a6d8607ed325031cb5e13829,5844215c1fc74612b6118648b845625c,00161_000.jpg,dekuNukem,,Multi-Pack-2,10exp
161,1,film_box_outside,Polaroid,Polacolor 679,Instant Pack Film,100,Instant,199806,1754247000,13e923bedc057ac6d69cb9de6d66ff6e,cca2cc887edb44adb3b00fc9b6cb0dfd,00161_001.jpg,dekuNukem,,Multi-Pack-2,10exp
161,2,film_box_inside,Polaroid,Polacolor 679,Instant Pack Film,100,Instant,199806,1754247004,3f3eb9a7a39dfc57e5fef2c8efe7c46c,35d7f44a3b59463fabb387917d8f4808,00161_002.jpg,dekuNukem,,Multi-Pack-2,10exp
161,3,film_box_inside,Polaroid,Polacolor 679,Instant Pack Film,100,Instant,199806,1754247009,2c98a302b4608e4356737f3eab61b680,cc5370f8b582460ebd5a9e27380bd3d2,00161_003.jpg,dekuNukem,,Multi-Pack-2,10exp
162,0,film_box_outside,Minolta,Minolta 16 Color Film For Prints,16mm,100,C-41,199206,1754377746,9b437d6cfc11f96bb5d0ff4c35071636,a2cfc71ac0e24ea58f4e3350423aa2ff,00162_000.jpg,The Compartmentalist,,Single Pack,20exp
163,0,film_box_outside,ORWO,NP 20 SL,35mm,80,BW,199212,1754377817,44a5c7123fd19e04c598191d99698c07,9791c2074fdd4340a1463312ed77b16c,00163_000.jpg,The Compartmentalist,,Single Pack,12exp
164,0,film_box_outside,Hope Film,Bubble,35mm,200,C-41,202612,1754471755,4632bc00c996d5d90c28cd2147b86e81,b09848420a1a4d76b099d82d76bc41f4,00164_000.jpg,@Hol.m35,,Single Pack,24exp
165,0,film_box_outside,Fujifilm,Fujicolor Superia X-TRA,35mm,400,C-41,202601,1754558012,ce1c94e5185543c9ba077787401f9157,64b5e2e7f9a841d2a99c8f1bd8766b8a,00165_000.jpg,@Hol.m35,,Single Pack,36exp
166,0,film_box_outside,Boots,Colour Print Film,35mm,200,C-41,201302,1754577851,96029452cd95be1af4030d008117585f,bd601340027a4c9daa7e219b414fa30f,00166_000.jpg,@Hol.m35,,Single Pack,36exp
167,0,film_box_outside,Fujifilm,Fujichrome Provia 100F,35mm,100,E-6,202610,1754578311,c2200d932ac8d8b894ce65cc1bd188d5,480a75f9978b4fba84c81a8a9e95df27,00167_000.jpg,The Compartmentalist,,Single Pack,36exp
168,0,film_box_outside,Reto,Amber D400,35mm,400,C-41,202412,1754593829,a596f09ea6b6ac79938297f7402b89c4,075938ec54de4c4bbee63671e4c208ad,00168_000.jpg,TheSelousScout,,Single Pack,27exp
169,0,film_box_outside,Rollei,Retro 80S,35mm,80,BW,202509,1754665604,b3d5a20967e30a6314a03273205e61ed,406a06d6d4df49cfa27378242ef6e23d,00169_000.jpg,Pelicram,,Single Pack,36exp
169,1,film_box_inside,Rollei,Retro 80S,35mm,80,BW,202509,1754665606,cfdbfc707dffb07dfc00a48700d0a81c,1dea328c77d74bf19135dc04194df311,00169_001.jpg,Pelicram,,Single Pack,36exp
170,0,film_box_outside,Ilford,XP2 Super,35mm,400,C-41,202709,1754696970,ae5b95641389af4a3c73316fcbde65ac,5863564ab1ef43a4b41fb5312dd0622a,00170_000.jpg,TheSelousScout,,Single Pack,36exp
170,1,film_box_inside,Ilford,XP2 Super,35mm,400,C-41,202709,1754696971,5619bb09ccca5518b0b0e75ec952365d,2e9c0e4f84414bb192512b4ce5b1e212,00170_001.jpg,TheSelousScout,,Single Pack,36exp
171,0,film_box_outside,Fujifilm,Fujichrome 64T Type II Professional,35mm,64,E-6,200110,1755192487,7948e1a2c06e3632af8c14a6a46df828,f3d8be37c34a4055823836987a0a74a1,00171_000.jpg,Camera.Riley,,Bulk Roll,100ft
172,0,film_box_outside,Kodak,Professional Microfilm Type I,35mm,Unknown,BW,201312,1755192642,9df8e95ddf1b265671dc0d0d25d3e372,90304019395a4c62bb9c6fe1cb2ba444,00172_000.jpg,Camera.Riley,,Bulk Roll,100ft
173,0,film_box_outside,Konica,Konica Color II,35mm,100,C-41,198501,1755192672,598acbc7dc74fbc3202b697c5468fa7d,34d91c79c1704ac49f5376ca6424fb5b,00173_000.jpg,Camera.Riley,,Bulk Roll,110ft
174,0,film_box_outside,Polaroid,PolaChrome 35mm,35mm,40,Instant,199308,1755192749,2d0a0286bd5dffc458b191d4917aa298,30947745f405445e88808deab9a4b202,00174_000.jpg,Camera.Riley,,Single Pack,12exp
175,0,film_box_outside,Kodak,Portra 400NC,70mm,400,C-41,200608,1755192809,ff42f35565bf45fa43e696f90b77b2f0,88ebc10c01ea46238c48e65157ddb8de,00175_000.jpg,Camera.Riley,,Bulk Roll,100ft
176,0,film_box_outside,Kodak,Eastman Tri-X Reversal Film 7278,16mm,200,BW,Unknown,1755193025,bb21e4fae04ae70db02fd0ec5e96855b,e214a4d756ac48c4ac6dbe515fd38468,00176_000.jpg,Camera.Riley,,Bulk Roll,100ft
177,0,film_box_outside,Fujifilm,Fujicolor Natura 1600,35mm,1600,C-41,201411,1755193278,4ee002ce81eeff1e0552a02f00ccae2f,8abda51b18d84ec4939df489457d2e06,00177_000.jpg,Camera.Riley,,Multi-Pack-3,36exp
177,1,film_box_outside,Fujifilm,Fujicolor Natura 1600,35mm,1600,C-41,201411,1755193281,b4f908eaa5d0b55d5e2b54db50df7db4,85bc1b0ff9694798a9f92915ab267978,00177_001.jpg,Camera.Riley,,Multi-Pack-3,36exp
177,2,film_box_outside,Fujifilm,Fujicolor Natura 1600,35mm,1600,C-41,201411,1755193283,92a764bd9e78df1cac8cbf423894082d,dd126451b04a42b19a705cec886addf0,00177_002.jpg,Camera.Riley,,Multi-Pack-3,36exp
178,0,film_box_outside,Kodak,Elite Chrome,35mm,400,E-6,200710,1755193412,391ec6843bb1741e23ffefe9f87cb202,c9ba81252c5f438ca70922a2b5703943,00178_000.jpg,Camera.Riley,,Single Pack,24exp
178,1,film_box_outside,Kodak,Elite Chrome,35mm,400,E-6,200710,1755193416,9b2731f9f218bf5fce57e66c4c031a95,7c1650085c4146e0bec821475e25219f,00178_001.jpg,Camera.Riley,,Single Pack,24exp
179,0,film_box_outside,Agfa,Fine-Grain Plenachrome,35mm,Unknown,BW,194101,1755193770,e07f70b8165038b754306723f512de5a,66a105cd605748d78884e5c305a4e5d4,00179_000.jpg,Camera.Riley,,Bulk Roll,27.5ft
179,1,film_box_outside,Agfa,Fine-Grain Plenachrome,35mm,Unknown,BW,194101,1755193773,430114486b20b471c72b2556e1c59005,c199fff31c474139afcea6ed0b66ff7e,00179_001.jpg,Camera.Riley,,Bulk Roll,27.5ft
180,0,film_box_outside,Kodak,Ektachrome 64T,35mm,64,E-6,199810,1755193921,326684b431560143a4debb8cdd85336c,25961b13fd6943a9b7dd77b2eba18f4f,00180_000.jpg,Camera.Riley,,Bulk Roll,100ft
180,1,film_box_inside,Kodak,Ektachrome 64T,35mm,64,E-6,199810,1755193923,523c62b40f20c8ae1e8dd6af932e861a,78441115e27d4fe8a442ce240ec160ef,00180_001.jpg,Camera.Riley,,Bulk Roll,100ft
181,0,film_box_outside,Kodak,High Contrast Copy Film,35mm,Unknown,BW,197009,1755194034,6e396933e8b5b14066f6d5d0517b8e74,7a518ce06cc242f9a5af067c1ffedb52,00181_000.jpg,Camera.Riley,,Bulk Roll,100ft
181,1,film_box_outside,Kodak,High Contrast Copy Film,35mm,Unknown,BW,197009,1755194037,ace929801046101bbd7bbb8e6ba49521,c18af4a6fe504e6bab7aaa0cdccb02a1,00181_001.jpg,Camera.Riley,,Bulk Roll,100ft
181,2,film_box_outside,Kodak,High Contrast Copy Film,35mm,Unknown,BW,197009,1755194041,529de222396dd55f8645c725eab850de,312da1e64f2f416f9b394ea7e4e34e86,00181_002.jpg,Camera.Riley,,Bulk Roll,100ft
181,3,film_box_outside,Kodak,High Contrast Copy Film,35mm,Unknown,BW,197009,1755194043,ecb999a097faaf287f0575a0c87a8246,917cdc09fdc9435c90eb61f470def180,00181_003.jpg,Camera.Riley,,Bulk Roll,100ft
182,0,film_box_outside,ADOX,HR 50,35mm,50,BW,202707,1755093421,b7f57209010598503486db95b11f39db,a504b8da97b642908de921d1053d4da7,00182_000.jpg,Pelicram,,Single Pack,36exp
182,1,film_box_inside,ADOX,HR 50,35mm,50,BW,202707,1755093423,5dd0288ea160ba95f7d09a70547de0ca,f5e745758ed2479ea297dce9275f3508,00182_001.jpg,Pelicram,,Single Pack,36exp
183,0,film_box_outside,Foma,Fomapan 200,35mm,200,BW,202805,1755093471,feea4b4b2c4e7fbbcb06fbe7d2c1520e,840026a068594c3389b34374204f60ee,00183_000.jpg,Pelicram,,Bulk Roll,100ft
184,0,film_box_outside,Kirkland Signature,Color Print Film,35mm,200,C-41,200212,1755216174,80213b1194dc15451594b5ca99ace0ce,7f4a0fbd6be7494ab097f7f816700441,00184_000.jpg,@ad.astra.per.aspera.1894,,Single Pack,24exp
185,0,film_box_outside,Mutascan,Kodak Vision3 500T/5219,35mm,500,ECN-2,Unknown,1755220808,4493b252fe0635c93c273daa49c174f0,e4d2af3a69704509a07e108fcb4b5150,00185_000.jpg,Pelicram,,Bulk Roll,100ft
186,0,film_box_outside,Kentmere,PAN 200,35mm,200,BW,203004,1755220858,ce26ffebd0384dc2eb058e34bfc931cc,b0e988456d7444b1b879dc6ca4a80e32,00186_000.jpg,Pelicram,,Single Pack,36exp
187,0,film_box_outside,Foma,Ortho 400,35mm,400,BW,202705,1755220892,36af09c99ab36c1b682accc9eb108d53,676655ff95914769b0869d71d824c559,00187_000.jpg,Pelicram,,Single Pack,36exp
187,1,film_box_inside,Foma,Ortho 400,35mm,400,BW,202705,1755220897,3ff41118b1a690e496458415553d900e,51e4fc9142fa45039f5d4a5d823f1ab5,00187_001.jpg,Pelicram,,Single Pack,36exp
188,0,film_box_outside,Marix,Professional Negative Movie Color Film,35mm,320,C-41,202612,1755360838,74615810c8d4db6b8cb787f50b8ce23f,715e5119d4b941d98ce52bcd8596c457,00188_000.jpg,Kraksen,,Single Pack,36exp
189,0,film_box_outside,Kodak,Black & White +,35mm,400,C-41,200407,1755361020,2beccc5d8929a16412060d5f203d7cc8,8ae6d75c042c48318fa711a412b72ff3,00189_000.jpg,Kraksen,,Single Pack,24exp
190,0,film_box_outside,Agfa,Agfapan APX 400,35mm,400,BW,200601,1755361060,8c59a7b830988db71fae92d8a6dac024,7dd80a6f50584141ba1752071b9419bc,00190_000.jpg,Kraksen,,Single Pack,36exp
190,1,film_box_inside,Agfa,Agfapan APX 400,35mm,400,BW,200601,1755361062,df75862e3eb1cb585f3180c57017413b,4ecb4b290f4845c196358776429baaec,00190_001.jpg,Kraksen,,Single Pack,36exp
191,0,film_box_outside,Agfa,Agfapan APX 100,35mm,100,BW,200507,1755361106,507ee8f6c27c66b9119da086ab914538,e00a9a59b3d74a1d85ff4331bc73e271,00191_000.jpg,Kraksen,,Single Pack,24exp
192,0,film_box_outside,Kodak,Panatomic-X,35mm,32,BW,1977013,1755376229,091b3223bf653b0134de46249d208d65,475b6bf4c66141b48fc73ace756435f6,00192_000.jpg,u/ReeeSchmidtyWerber,,Single Pack,20exp
192,1,film_box_leaflet,Kodak,Panatomic-X,35mm,32,BW,1977013,1755376238,d64988b35b09e98b900cd03f20cafa40,662f12bfdc864efb861dd9ede2973332,00192_001.jpg,u/ReeeSchmidtyWerber,,Single Pack,20exp
192,2,film_box_leaflet,Kodak,Panatomic-X,35mm,32,BW,1977013,1755376232,2f6830e6609d76e999e4716f971b6851,85fea329b0a34765987a30d8a728a8e0,00192_002.jpg,u/ReeeSchmidtyWerber,,Single Pack,20exp
193,0,film_box_outside,Kodak,Panatomic-X,35mm,32,BW,197612,1755376273,0671709467ae19f79bfa0bc32dfdf636,386384f6be954ddc8ab42f3bcb1d8d69,00193_000.jpg,u/ReeeSchmidtyWerber,,Bulk Roll,100ft
194,0,film_box_outside,Reflx Lab,250D,120,250,ECN-2,202712,1755534611,e23cfbd4ef8ee9f433c4eb495cfebe3e,ce8b081c148f43f7921e2fb4d7aa1a3e,00194_000.jpg,lt_col_tall,,Single Pack,N/A
195,0,film_box_outside,Reflx Lab,Pro 100,220,100,C-41,202712,1755534652,fdd9f12b81ff00bd53fbbcd343621de0,f7bc85a093744f3084883876ecc51311,00195_000.jpg,lt_col_tall,,Single Pack,N/A
196,0,film_box_outside,CatLABS,X Film 320 Pro,120,320,BW,202612,1755545267,14af431cb16cbc69e0a0ee908ea7286a,b5423225b6b2496eaf713a5a38731c69,00196_000.jpg,lt_col_tall,,Single Pack,N/A
196,1,film_box_outside,CatLABS,X Film 320 Pro,120,320,BW,202612,1755545269,fd243c668bdbf74941ae7ea6fc7bee72,3fa90851d420466183f638184ce9a49a,00196_001.jpg,lt_col_tall,,Single Pack,N/A
197,0,film_box_outside,Fujifilm,Fujicolor Superia X-TRA,35mm,400,C-41,200304,1755545367,daf8223be0f4ef2171db0702190700b6,89750d8a18fe4e238c76b97b4578713b,00197_000.jpg,@recycling.film,,Single Pack,24exp
197,1,film_box_inside,Fujifilm,Fujicolor Superia X-TRA,35mm,400,C-41,200304,1755545369,f5008937df9315d7962945bce472aa1c,560832b2cfff4e60930fd3116f1ccffc,00197_001.jpg,@recycling.film,,Single Pack,24exp
198,0,film_box_outside,Agfa,Agfapan  APX 25,35mm,25,BW,Unknown,1755545698,27ad57aa3ca522d612b6ac738705e752,4ef7e8e28d2c4c589d24d9e12135805f,00198_000.jpg,@recycling.film,,Single Pack,36exp
198,1,film_box_inside,Agfa,Agfapan  APX 25,35mm,25,BW,Unknown,1755545700,16a2ba4bbbd976ad58844c424c1a10df,757b2d5a25cc41aab1220ff909f90fb0,00198_001.jpg,@recycling.film,,Single Pack,36exp
199,0,film_box_outside,Fujifilm,Fujicolor Superia,35mm,200,C-41,200906,1755545868,2d96e359b279ebe6410019d3c0a203fa,a57061210f17463fae293851f2130d8e,00199_000.jpg,@recycling.film,,Single Pack,36exp
200,0,film_box_outside,Kodak,Portra 400,35mm,400,C-41,201406,1755545893,79c457df3928692908e5d2876e29c3d3,5bdddffe29bd464cab4630d85485cf9c,00200_000.jpg,@recycling.film,,Multi-Pack-5,36exp
201,0,film_box_outside,Kodak,UltraMax,35mm,400,C-41,202607,1755545921,f022a384a1f1742610c0b94f0c0e0ab1,d14bbf440f3a4ac9aa4169c8bba7e4ad,00201_000.jpg,@recycling.film,,Single Pack,24exp
202,0,film_box_outside,Fujifilm,Fujicolor C200,35mm,200,C-41,202003,1755545969,d79572d5d8db840ed9eb5f7c63c0b151,271054727291471392db72d5556f2ff8,00202_000.jpg,@recycling.film,,Single Pack,36exp
203,0,film_box_outside,Kodak,Ektachrome Slide Duplicating Film,35mm,Unknown,E-6,199912,1755622270,579296ce3e3576673aa546eb7a532d17,59aa1c52cf434a60976debe684a3d53a,00203_000.jpg,@ellafridalindblom,,Single Pack,36exp
203,1,film_box_leaflet,Kodak,Ektachrome Slide Duplicating Film,35mm,Unknown,E-6,199912,1755622272,13a65606ba4420ef6e91b500dc4fe7a1,a15217b7a9c34d25a71276e952a8dce0,00203_001.jpg,@ellafridalindblom,,Single Pack,36exp
203,2,film_box_leaflet,Kodak,Ektachrome Slide Duplicating Film,35mm,Unknown,E-6,199912,1755622275,2e494c91a7a1118923e2a87fe89ad6e3,70ffb21210374c97a9fa3b819e9b3a1a,00203_002.jpg,@ellafridalindblom,,Single Pack,36exp
204,0,film_box_outside,Hasselblad,Hassel-plåtar E.R.Orto,6.5x9cm,Unknown,BW,Unknown,1755622804,f60c23638bd575445cb15aef258a89c9,1056543f30334a238387be8abe2dec67,00204_000.jpg,@ellafridalindblom,,Single Pack,12 Sheets
205,0,film_box_outside,Foton,Fotopan F,120,50,BW,196901,1755622881,b2b02788118bc9a2946a9bc51cbeff2f,f2002785f14a4aba9fd1da2386890ad6,00205_000.jpg,@ellafridalindblom,,Single Pack,N/A
206,0,film_box_outside,Hands On Film,Midnight 1600,35mm,1600,C-41,202605,1755623017,ac47654987998794890686ebc8787857,515a9a246a8e4eed87d77142623a4411,00206_000.jpg,@ellafridalindblom,,Single Pack,36exp
207,0,film_box_outside,Illingworth's,Fleet H&D,6.5x9cm,Unknown,BW,Unknown,1755623225,45cdd5811d134b09da38f20647df15ba,bec584ee60f3462381719b3e908f54fe,00207_000.jpg,@ellafridalindblom,,Single Pack,12 Sheets
208,0,film_box_outside,Defender,Portrait HGS,12x16.5cm,Unknown,BW,Unknown,1755623333,55b76f00c9fba48b3bf2ee8f57cd4298,24c9c3108671446dae824d00093fd69c,00208_000.jpg,@ellafridalindblom,,Single Pack,12 Sheets
208,1,film_box_outside,Defender,Portrait HGS,12x16.5cm,Unknown,BW,Unknown,1755623384,0a133bf936b2c3b183e7dcd9b929c064,5782545b9d15462e93943f2b62f605f5,00208_001.jpg,@ellafridalindblom,,Single Pack,12 Sheets
209,0,film_box_outside,Fujifilm,Fujicolor Superia X-TRA,120,400,C-41,200406,1755623514,eb660227bcc16107e765d9145af7e16c,9e774f36e4d34b3c81a30a5b44da7980,00209_000.jpg,@ellafridalindblom,,Single Pack,N/A
209,1,film_box_inside,Fujifilm,Fujicolor Superia X-TRA,120,400,C-41,200406,1755623518,9521e9d2ef6161e1b3b1a0d0e33456f9,434f763fea0d4c4c9dc5aeb2eb10e8aa,00209_001.jpg,@ellafridalindblom,,Single Pack,N/A
210,0,film_box_outside,Building 2,200T,35mm,200,ECN-2,202106,1755689969,b71e1169fee584c0770e5b40c5900614,4e05091526684626b09f6f957dd9c025,00210_000.jpg,@photos.by.qi,,Single Pack,36exp
211,0,film_box_outside,Building 2,250D,35mm,250,ECN-2,202012,1755690284,8da50ad5b5d6afb4b68dd938e9a1910d,693d77ba06bc4823bd4f43112d957d4f,00211_000.jpg,@photos.by.qi,,Single Pack,36exp
212,0,film_box_outside,Building 2,500T,35mm,500,ECN-2,202106,1755690389,09917e4970780fd200cff3b6ec2f280e,2e9e8e40ac154f4f9ac497837e2470d9,00212_000.jpg,@photos.by.qi,,Single Pack,36exp
213,0,film_box_outside,Building 2,50D,35mm,50,ECN-2,202106,1755690421,7c4a20ab63555b640791fd3ffeb8e4b2,f0c8cbdc08d146ba8690d19a70dbe548,00213_000.jpg,@photos.by.qi,,Single Pack,36exp
214,0,film_box_outside,Ferrania,Solaris,35mm,200,C-41,Unknown,1755690452,15e66c23e24ac6a826567d340ddf38a7,37936bef9f314a45b9ed57f7091fa929,00214_000.jpg,@photos.by.qi,,Single Pack,36exp
215,0,film_box_outside,Film Never Die,IRO,35mm,400,C-41,202205,1755690537,37ce5cb20046993ac7dddf5b4c563dbd,03b12b9d23dc4e059a9149ca4f682a22,00215_000.jpg,@photos.by.qi,,Single Pack,27exp
216,0,film_box_outside,Film Never Die,Kiro,35mm,400,C-41,202205,1755690579,bdc12469380a68d0bbd81c2af25bdb3f,a6bb919bc40b4000a753bf9d3367796d,00216_000.jpg,@photos.by.qi,,Single Pack,27exp
217,0,film_box_outside,Fujifilm,Fujicolor 100,35mm,100,C-41,202509,1755690660,e22dde71df64e8d85acf5b4bed47e1fb,ac13f69474544179a4a2513e8641b3c9,00217_000.jpg,@photos.by.qi,,Single Pack,36exp
218,0,film_box_outside,Fujifilm,Fujicolor Super G,120,100,C-41,200305,1755690705,95ce4f7d417b4e7c9a91a3630460beab,331bb2ddb04f4cd8ab637f79324e55ff,00218_000.jpg,@photos.by.qi,,Single Pack,N/A
219,0,film_box_outside,Fujifilm,Fujicolor Professional,35mm,400,C-41,201912,1755690749,04c0f1ae4826039a925de4de81b3ab24,8f934c948478459386443596e74c02f7,00219_000.jpg,@photos.by.qi,,Single Pack,36exp
220,0,film_box_outside,Fujifilm,Fujicolor C200,35mm,200,C-41,202310,1755690790,6f441061b5a324f4716a075262df2829,b290e4b860364420924596fc3330a0de,00220_000.jpg,@photos.by.qi,,Multi-Pack-2,36exp
221,0,film_box_outside,Fujifilm,Fujicolor Pro400,120,400,C-41,200306,1755690832,25edc1a36364df129ac3d8ce7ed7221f,0b59ba932e214f03a5069488e9651b8d,00221_000.jpg,@photos.by.qi,,Single Pack,N/A
222,0,film_box_outside,Fujifilm,400,35mm,400,C-41,202508,1755690862,b4c1d84c3984b08e1b8bc62ca588adf5,f3193ccd9b9d4a929904a6a2e8b682be,00222_000.jpg,@photos.by.qi,,Single Pack,36exp
223,0,film_box_outside,Kodak,Ektachrome E100,35mm,100,E-6,202412,1755690894,dd47638ea5113bf9a5f26f8c05e774e2,1d1d6ca155874b6dba4333cf6f6194ff,00223_000.jpg,@photos.by.qi,,Single Pack,36exp
224,0,film_box_outside,Kodak,Ektar 100,35mm,100,C-41,202401,1755690933,f934deb9251602a69b00a77a1ab64477,eef92f5fa5b244518890b1ba52b895ec,00224_000.jpg,@photos.by.qi,,Single Pack,36exp
225,0,film_box_outside,Lomography,Lomochrome Color'92,35mm,400,C-41,202604,1755690988,8409b1f42418812248936c06de3c6fac,81d185de4ddf494785362046cada12b4,00225_000.jpg,@photos.by.qi,,Single Pack,36exp
226,0,film_box_outside,Lomography,Lomochrome Purple,35mm,100,C-41,202208,1755691070,edfa79c6016c88fb612ac654a21914e6,5589454d652e4771b024a9901acb8b00,00226_000.jpg,@photos.by.qi,,Single Pack,36exp
227,0,film_box_outside,Space Cat Film,Mars 250D,35mm,250,C-41,Unknown,1755691173,6a327fe56881299fe3763f67b832f8b2,1595b93966854178a03bc6d0de705027,00227_000.jpg,@photos.by.qi,,Single Pack,36exp
228,0,film_box_outside,Walkens,Speed 400,35mm,400,C-41,Unknown,1755691243,508685fceb0f63a7cd6b384581bbdb23,198465748a5e41f8ad634fffa08a740f,00228_000.jpg,@photos.by.qi,,Single Pack,36exp
229,0,film_box_outside,Fujifilm,Fujicolor Superia,35mm,200,C-41,200307,1755691930,9805964f8c78cf5b9d7e1de8666de067,2acd2ce4aefb44b4a4c72b130edb9272,00229_000.jpg,@photos.by.qi,,Multi-Pack-2,36exp
230,0,film_box_outside,Fujifilm,Fujicolor Superia Reala,35mm,100,C-41,201004,1755691976,b14b75b5454e34f76159121e0ba5f89f,47af4374c1474eb3b20cb1894b43a624,00230_000.jpg,@photos.by.qi,,Single Pack,36exp
231,0,film_box_outside,Fujifilm,Fujicolor Superia X-TRA,35mm,400,C-41,202408,1755692018,55967fb50db51a3d470bca77900f490d,de6b17f5230e4052b6b166977a418923,00231_000.jpg,@photos.by.qi,,Multi-Pack-2,36exp
232,0,film_box_outside,Fujifilm,Fujicolor Superia X-TRA,35mm,400,C-41,200502,1755692063,9e3dac3a2c93f4571762fec0b53cf3a3,16351828954846229e7a4ca1193d0446,00232_000.jpg,@photos.by.qi,,Multi-Pack-3,24exp
233,0,film_box_outside,Kodak,Gold,35mm,200,C-41,202306,1755692093,7f60824f9a7faf5450641af3901854dc,e0db5edb5d3046e99d019b901088d48d,00233_000.jpg,@photos.by.qi,,Single Pack,36exp
234,0,film_box_outside,Kodak,MAX,35mm,400,C-41,200703,1755692221,a2a9f55c887fcbf0f319ed4b72c4ca17,5d0c054ebc17452397de86653bf42361,00234_000.jpg,@photos.by.qi,,Multi-Pack-3,24exp
235,0,film_box_outside,Kodak,UltraMax,35mm,400,C-41,202303,1755692300,e566c88508a1a9c274a8183ba9cbc277,1a68334cdfc146b98a7fa95672e33b23,00235_000.jpg,@photos.by.qi,,Multi-Pack-3,24exp
236,0,film_box_outside,Lomography,Lomochrome Metropolis,35mm,100,C-41,202303,1755702704,9507345bd3797b7fa11805e6af2bafdf,eba9730505104dfd8c12254eeafd5546,00236_000.jpg,@photos.by.qi,,Single Pack,36exp
236,1,film_box_inside,Lomography,Lomochrome Metropolis,35mm,100,C-41,202303,1755702705,b204bb53cf7ab113bf37aabceb1eb09d,415e6aeb12db4efbba5f290d09d7beba,00236_001.jpg,@photos.by.qi,,Single Pack,36exp
237,0,film_box_outside,Kodak,Vericolor III,120,160,C-41,200009,1755702942,e4b7bbc2a1900e8051618e109fa8f61a,bcb6ab106d2941429eaf1088c1194b3e,00237_000.jpg,@photos.by.qi,,Multi-Pack-5,N/A
237,1,film_box_outside,Kodak,Vericolor III,120,160,C-41,200009,1755702943,16c3f736d14ef0125d68e354d8c41726,e4c84e87bd66459cbea1954dc32b5920,00237_001.jpg,@photos.by.qi,,Multi-Pack-5,N/A
237,2,film_box_inside,Kodak,Vericolor III,120,160,C-41,200009,1755702947,7a1644c21094a775f8d6802240f4b347,6cbb4abac86e407d99055015b4719e95,00237_002.jpg,@photos.by.qi,,Multi-Pack-5,N/A
237,3,film_box_inside,Kodak,Vericolor III,120,160,C-41,200009,1755702953,09c4b999ae85531bb850dced9361d003,ed6cc093b4e44b8b81bb19f6d1e6a4f2,00237_003.jpg,@photos.by.qi,,Multi-Pack-5,N/A
238,0,film_box_outside,Kodak,Vericolor 400 Plus,120,400,C-41,199810,1755703075,6b73452b3aed4dee445d90d1257da62b,8b882b8198ca4aeb8180b8743269bd88,00238_000.jpg,@photos.by.qi,,Multi-Pack-5,N/A
238,1,film_box_inside,Kodak,Vericolor 400 Plus,120,400,C-41,199810,1755703077,31fc4de19951a235031bc7db7956b0c2,07052f2a4fd8445aa344c21b79c06d9d,00238_001.jpg,@photos.by.qi,,Multi-Pack-5,N/A
238,2,film_box_inside,Kodak,Vericolor 400 Plus,120,400,C-41,199810,1755703082,06ab4ae8337703ba8a9e07b934f6c212,8a605cec4f594f37823796472cfb7005,00238_002.jpg,@photos.by.qi,,Multi-Pack-5,N/A
238,3,film_box_outside,Kodak,Vericolor 400 Plus,120,400,C-41,199810,1755703087,3c20ed59cfa824685483be9dc8f448d1,cb3839d18fe44552bb710d82020a7743,00238_003.jpg,@photos.by.qi,,Multi-Pack-5,N/A
239,0,film_box_outside,Kodak,ProImage 100,35mm,100,C-41,202301,1755703185,c75c6cf3bc05fc026ac0cdb9d198276e,76cf680b7e1a407f92eb84541d21fe32,00239_000.jpg,@photos.by.qi,,Multi-Pack-5,36exp
240,0,film_box_outside,Kodak,Portra 800,120,800,C-41,202210,1755703268,c41daaea4cc1587551d0b6bd12c3b35d,3663afb2b2d340d3a5c9e0d0e9f021f9,00240_000.jpg,@photos.by.qi,,Multi-Pack-5,N/A
240,1,film_box_outside,Kodak,Portra 800,120,800,C-41,202210,1755703270,8936b5b5df4435e1d18b47cb63a5636b,63ef586862154b94aeccdbdb4227ad5c,00240_001.jpg,@photos.by.qi,,Multi-Pack-5,N/A
241,0,film_box_outside,Kodak,UltraMax,35mm,400,C-41,202412,1755703342,e4a194b389b7f19e423429d984aabeaf,05d59d140f584adcaf97f6acb69f3c02,00241_000.jpg,@photos.by.qi,,Single Pack,36exp
241,1,film_box_outside,Kodak,UltraMax,35mm,400,C-41,202412,1755703347,54a7de080c856c8fe61d89b9c22822e6,6ed0486400df45eab9b7465642ecee9d,00241_001.jpg,@photos.by.qi,,Single Pack,36exp
242,0,film_box_outside,Kodak,Portra 400VC,35mm,400,C-41,200904,1755703467,ac5d699ead9b51915104720a6db03871,2152a58cb08c463ea298a61858ff7669,00242_000.jpg,@photos.by.qi,,Multi-Pack-5,36exp
243,0,film_box_outside,Kodak,Portra 400VC,120,400,C-41,200412,1755703560,f5d2bd9186be78aa0ac37f353d422da8,348bccb01edc4a6ea9a2f5c4d88cb67b,00243_000.jpg,@photos.by.qi,,Multi-Pack-5,N/A
243,1,film_box_outside,Kodak,Portra 400VC,120,400,C-41,200412,1755703562,63411e73a57d5ad22dd4646306c57578,154cd3f3c85944ab87c33eaad232c3b6,00243_001.jpg,@photos.by.qi,,Multi-Pack-5,N/A
243,2,film_box_inside,Kodak,Portra 400VC,120,400,C-41,200412,1755703564,88fb633a59fc5063f9a488ae01fd365f,de89359102c54df797bee4229920e191,00243_002.jpg,@photos.by.qi,,Multi-Pack-5,N/A
243,3,film_box_inside,Kodak,Portra 400VC,120,400,C-41,200412,1755703569,c0feff074e9f8d02a2f498cc05f8cadd,c4a365adef6546cf945a04e9a6088a02,00243_003.jpg,@photos.by.qi,,Multi-Pack-5,N/A
244,0,film_box_outside,Kodak,Portra 400,35mm,400,C-41,202412,1755703929,89c1987ee8547f404333bf530eb6a149,282ef0c08f374148afc8a5efaf5b8b1c,00244_000.jpg,@photos.by.qi,,Multi-Pack-5,36exp
245,0,film_box_outside,Kodak,Portra 400,35mm,400,C-41,202610,1755703966,9db645dc47490d4011ab21e4279c1ce5,848f67976c48465a8c245ba2a4d0c869,00245_000.jpg,@photos.by.qi,,Multi-Pack-5,36exp
246,0,film_box_outside,Kodak,Portra 400,120,400,C-41,202408,1755703995,a7f8ffa2ccea0e7e6b508aa833cc8c6a,12ee41c6f8fe493fbda516802e039f18,00246_000.jpg,@photos.by.qi,,Multi-Pack-5,N/A
246,1,film_box_outside,Kodak,Portra 400,120,400,C-41,202408,1755703997,497436f93e6aa48b8b4138b45248e4aa,6407fec85c4344a1bbc2ae930e51ae8e,00246_001.jpg,@photos.by.qi,,Multi-Pack-5,N/A
247,0,film_box_outside,Fujifilm,Fujicolor Pro 400H,220,400,C-41,200710,1755730112,383261069f343cd566ddb9261cf2da2e,fae60be8fc0745c3965f24b1778e48ed,00247_000.jpg,@photos.by.qi,,Multi-Pack-5,N/A
247,1,film_box_outside,Fujifilm,Fujicolor Pro 400H,220,400,C-41,200710,1755730114,b98f9e83a48b407aa896dcc7ada47408,a305e39dc3f041d1bf59e7dc2504835c,00247_001.jpg,@photos.by.qi,,Multi-Pack-5,N/A
247,2,film_box_inside,Fujifilm,Fujicolor Pro 400H,220,400,C-41,200710,1755730118,ad8d1f6919fdeb7615a66f6d331bb328,a10a19f268084ce881ab55f247f1035f,00247_002.jpg,@photos.by.qi,,Multi-Pack-5,N/A
248,0,film_box_outside,Fujifilm,Fujichrome Provia 400X,120,400,E-6,201412,1755730195,32a08ab0115d4c893596d808a46aa9f4,3a84e3b505004d069104ff0042d03c08,00248_000.jpg,@photos.by.qi,,Multi-Pack-5,N/A
248,1,film_box_outside,Fujifilm,Fujichrome Provia 400X,120,400,E-6,201412,1755730197,8852c8881d0b9605a6b030dbf0b18567,db24477938104d81beddac492c8d637e,00248_001.jpg,@photos.by.qi,,Multi-Pack-5,N/A
249,0,film_box_outside,Fujifilm,Fujicolor Pro 400H,35mm,400,C-41,200901,1755730274,3934dc80e49a8031c1ddd3c8c527550b,9934366ea7a04b65b3c300352fa8dc37,00249_000.jpg,@photos.by.qi,,Single Pack,36exp
249,1,film_box_inside,Fujifilm,Fujicolor Pro 400H,35mm,400,C-41,200901,1755730304,d482755c15c6501556f91202f81c9329,df9f856987284644858ab4590872c133,00249_001.jpg,@photos.by.qi,,Single Pack,36exp
250,0,film_box_outside,Fujifilm,Fujicolor Pro 400H,35mm,400,C-41,202211,1755730338,bf266d385e4c8c5c52bf1fe9ed301f87,3167bab31b134176a6d637dc1491ff20,00250_000.jpg,@photos.by.qi,,Single Pack,36exp
251,0,film_box_outside,Kodak,Ektar 100,120,100,C-41,202204,1755730441,bc1d30e53cc5bb8dcf52a17889635048,22bb063ec2ca4f2ea5b9f4be4dce4631,00251_000.jpg,@photos.by.qi,,Multi-Pack-5,N/A
251,1,film_box_outside,Kodak,Ektar 100,120,100,C-41,202204,1755730442,14ec90e21199e4829fc02ac57e865bcd,5ee59977ab8f4902b82e22de1767d131,00251_001.jpg,@photos.by.qi,,Multi-Pack-5,N/A
252,0,film_box_outside,Kodak,Gold,35mm,200,C-41,202409,1755730494,604fe1eb21d466692b0688da4395424b,99836199940848569bab40a438546587,00252_000.jpg,@photos.by.qi,,Single Pack,36exp
252,1,film_box_processing_envelope,Kodak,Gold,35mm,200,C-41,202409,1755730497,860a921961af2d9750dec286add075e2,b9bddee9f550460c837c5489aff72400,00252_001.jpg,@photos.by.qi,,Single Pack,36exp
253,0,film_box_outside,Kodak,Gold II,35mm,200,C-41,199311,1755730578,1c8342f32ca929af37e5d4dd8443a5fb,63fd3851483d457d9fdc15b2d24461d0,00253_000.jpg,@photos.by.qi,,Single Pack,36exp
253,1,film_box_inside,Kodak,Gold II,35mm,200,C-41,199311,1755730584,5e4732b7b0a46cd44dcc30d23339fd7d,49bb438bb4a94d07b07d1bd3178a38d8,00253_001.jpg,@photos.by.qi,,Single Pack,36exp
254,0,film_box_outside,CineStill,50D,35mm,50,C-41,202305,1755730653,9a4e29966e76245a0f494cded02e8c22,9213a1fbffc44178878f7bd9c5d33452,00254_000.jpg,@photos.by.qi,,Single Pack,36exp
254,1,film_box_inside,CineStill,50D,35mm,50,C-41,202305,1755730665,6387cfa313e9189e11a72de9d6fee130,219350408c3c45c7b9c23de73db1ed40,00254_001.jpg,@photos.by.qi,,Single Pack,36exp
255,0,film_box_outside,CineStill,400Dynamic,120,400,C-41,202406,1755730694,093d71341fa4b4fa96287fc2919bb2ae,9e2bc75381ca4ca68e59dbf6c3a388dc,00255_000.jpg,@photos.by.qi,,Single Pack,N/A
255,1,film_box_inside,CineStill,400Dynamic,120,400,C-41,202406,1755730696,fd20e362370f8cb1ee899a4d7d0185bd,42d565d0fdbc4e12bcc11d172b36f779,00255_001.jpg,@photos.by.qi,,Single Pack,N/A
256,0,film_box_outside,CineStill,BWXX,120,200-400,D96,202310,1755730755,bac5b1d8316784b9cee9efc9239289e7,e4493fbb55e044edaaca55ecd22366eb,00256_000.jpg,@photos.by.qi,,Single Pack,N/A
256,1,film_box_inside,CineStill,BWXX,120,200-400,D96,202310,1755730756,0df4154215b696fc7dace9e67cf4a277,6e4b285456d1438ab0cdad81440b9761,00256_001.jpg,@photos.by.qi,,Single Pack,N/A
257,0,film_box_outside,Agfa,Vista Plus 200,35mm,200,C-41,201901,1755730811,b0289a372c231456fc85f3148f06e41e,b1c4d56515954c8d98bd0b8f9591f08a,00257_000.jpg,@photos.by.qi,,Single Pack,36exp
257,1,film_box_inside,Agfa,Vista Plus 200,35mm,200,C-41,201901,1755730813,4e418e6d077550afe690e0a1f2062240,0088411d14c547aa96ea5d28bf04d9ea,00257_001.jpg,@photos.by.qi,,Single Pack,36exp
258,0,film_box_outside,Rollei,RPX 100,35mm,100,BW,202111,1755802438,497eec1366d364b3f788db1609b48730,201ce1e1831a483ab7fd569cc50e7cd1,00258_000.jpg,Pelicram,,Single Pack,36exp
258,1,film_box_inside,Rollei,RPX 100,35mm,100,BW,202111,1755802440,7bdd1e3645a9856741d79783c33a8f8b,f8b9f798c2d34459955fd96c84c414b3,00258_001.jpg,Pelicram,,Single Pack,36exp
259,0,film_box_outside,Rollei,RPX 400,35mm,400,BW,202209,1755802472,eb5edee5b811b8ea02540a2c1c1714d2,1b741df3125e4a77bd28c50ce3dcc097,00259_000.jpg,Pelicram,,Single Pack,36exp
259,1,film_box_inside,Rollei,RPX 400,35mm,400,BW,202209,1755802474,b0fdedb64bf3c21f220c53a729d643f4,8fbb971a033b4a848831c97822b67601,00259_001.jpg,Pelicram,,Single Pack,36exp
260,0,film_box_outside,Kodak,Ektachrome Slide Duplicating Film,35mm,Unknown,E-6,199804,1756377240,28a74fce06ffcf79c88774d44751492b,82095e23320f4581be4672fd5559596a,00260_000.jpg,The Compartmentalist,,Bulk Roll,100ft
261,0,film_box_outside,Kodak,Ektachrome 200,126,200,E-6,197811,1756377444,879313719086755155dae15bc152bd0f,fef4be09ea484eecb10a13282d18f372,00261_000.jpg,The Compartmentalist,,Single Pack,20exp
261,1,film_box_leaflet,Kodak,Ektachrome 200,126,200,E-6,197811,1756377446,0932b9dcc420783f103c8c9ed077ee5f,201fc821d3354cd7a82b0e1554ac06e4,00261_001.jpg,The Compartmentalist,,Single Pack,20exp
261,2,film_box_leaflet,Kodak,Ektachrome 200,126,200,E-6,197811,1756377449,566a897a637adcd333d08a0484079d45,8a9d6009b1724610bbea230b5b2bdc73,00261_002.jpg,The Compartmentalist,,Single Pack,20exp
262,0,film_box_outside,Kodak,High Speed Ektachrome,120,160,E-4,197412,1756377569,acf6750ef5310586ed126c53ab1f86cb,221130722e5d4ecfb94b4c1326dcbe8f,00262_000.jpg,The Compartmentalist,,Single Pack,N/A
262,1,film_box_leaflet,Kodak,High Speed Ektachrome,120,160,E-4,197412,1756377572,b40880ebbc4c00a446c7de25f53faa55,92d31dfc11894fdbbaa954ad3a06fdec,00262_001.jpg,The Compartmentalist,,Single Pack,N/A
262,2,film_box_leaflet,Kodak,High Speed Ektachrome,120,160,E-4,197412,1756377575,20ca3487615874eb3bf3693a35951db7,240477250c92463e90e7887b069dcb03,00262_002.jpg,The Compartmentalist,,Single Pack,N/A
263,0,film_box_outside,Kodak,Kodacolor II,126,100,C-41,198310,1756377734,9c7ff440274491d658aed3748b8aaa71,08c1609b39a64daf8be1373ea99c7310,00263_000.jpg,The Compartmentalist,,Single Pack,24exp
264,0,film_box_outside,Reflx Lab,Pro 100,127,100,C-41,202705,1756377783,9ca21cc5fc17bb95455734c93fbbefae,a361e3b88dde4e0482027e58f12d8bec,00264_000.jpg,The Compartmentalist,,Single Pack,N/A
265,0,film_box_outside,Premium,Super XG,35mm,100,C-41,199112,1756512338,b58e5c9bf010af50e70cbfbf06c9fe53,592592a0182a47dda6390cfc4fd18ccd,00265_000.jpg,dekuNukem,,Single Pack,36exp
265,1,film_box_inside,Premium,Super XG,35mm,100,C-41,199112,1756512348,7e9d1af7ebca7cb5e849c3d1805ad5eb,6a35a7c39a2e4083bc5faa53fb5abd4e,00265_001.jpg,dekuNukem,,Single Pack,36exp
266,0,film_box_outside,Lloyds Pharmacy,Colour Film,35mm,200,C-41,200407,1756512436,2f46484634d1a91cad6ea660f82613fc,c4d16975eee44b9185b17cf0c0e4074c,00266_000.jpg,dekuNukem,,Single Pack,36exp
267,0,film_box_outside,Konica,Centuria 200,35mm,200,C-41,200305,1756512490,e9739940dc7205dc577c8d4ec9639201,2f575e07049946ea981e1d53eb4ee155,00267_000.jpg,dekuNukem,,Single Pack,24exp
267,1,film_box_inside,Konica,Centuria 200,35mm,200,C-41,200305,1756512494,80f542f61d05a7ec6e37564f15a0168e,037c5e1f5185418c96aae0a01cf726a3,00267_001.jpg,dekuNukem,,Single Pack,24exp
268,0,film_box_outside,Max Spielmann,Maxi Color,35mm,400,C-41,199708,1756512557,1f564f2b3166652f0453d713cabcbb49,0953325be5e54102b7615a7a5f82bf60,00268_000.jpg,dekuNukem,,Single Pack,24exp
269,0,film_box_outside,Konica,KonicaColor VX 100,35mm,100,C-41,199806,1756512623,4dfcab9c44b8c43d6a16a2523e658323,daee9d73b6d14f768e414b87260c8350,00269_000.jpg,dekuNukem,,Single Pack,24exp
269,1,film_box_inside,Konica,KonicaColor VX 100,35mm,100,C-41,199806,1756512625,f2298681ebb1fcad7e51c3c39f211132,2e481382168c430c8a923e5a2aa60e05,00269_001.jpg,dekuNukem,,Single Pack,24exp
270,0,film_box_outside,Klick,400ASA,35mm,400,C-41,200702,1756512788,b1b456228d5c48abd4785a130cbfb473,42f73c1448634cdb856d014e59098779,00270_000.jpg,dekuNukem,,Single Pack,24exp
270,1,film_box_inside,Klick,400ASA,35mm,400,C-41,200702,1756512815,6b3c17a348273d858a5b6bf0b2de31f1,f65991d851c249318d64793e8e7defeb,00270_001.jpg,dekuNukem,,Single Pack,24exp
271,0,film_box_outside,Kodak,Plus-X Pan,35mm,125,BW,197001,1756512851,2d646c4a74653f5e325fb546dba7b5f2,66f3d693560540d5b5a4cbfb3a91f5cc,00271_000.jpg,dekuNukem,,Single Pack,36exp
272,0,film_box_outside,Agfa,AgfaColor CT 18,35mm,50,Unknown,196707,1756513233,43806fd680b4f43c8da032a459df9f55,0e445a9b612a487b90df4e94a3831fef,00272_000.jpg,dekuNukem,,Single Pack,20exp
272,1,film_box_leaflet,Agfa,AgfaColor CT 18,35mm,50,Unknown,196707,1756513236,e67b479fe4dbde53f6bf542292217b60,a873cb888fb747898307b01aefc735f5,00272_001.jpg,dekuNukem,,Single Pack,20exp
272,2,film_box_leaflet,Agfa,AgfaColor CT 18,35mm,50,Unknown,196707,1756513242,83aa33b8437d56b392321f52da0cfd33,9b5f0876d6bb4d049b1a352116b1edfa,00272_002.jpg,dekuNukem,,Single Pack,20exp
272,3,film_box_leaflet,Agfa,AgfaColor CT 18,35mm,50,Unknown,196707,1756513246,fdb175fca22a0d3c79e582d461939e2d,60fd9b682b714bda937f1489895e3f04,00272_003.jpg,dekuNukem,,Single Pack,20exp
272,4,film_box_leaflet,Agfa,AgfaColor CT 18,35mm,50,Unknown,196707,1756513248,8260c4adcb70c58473a6075285721863,b2c42b0d1fca464e8813d18e3e709abe,00272_004.jpg,dekuNukem,,Single Pack,20exp
272,5,film_box_processing_envelope,Agfa,AgfaColor CT 18,35mm,50,Unknown,196707,1756513252,c9d721c58f0773497f19e6b3595661fb,92d1c329ca9c4714bfe7ae4ccca5cc86,00272_005.jpg,dekuNukem,,Single Pack,20exp
272,6,film_box_processing_envelope,Agfa,AgfaColor CT 18,35mm,50,Unknown,196707,1756513255,237f7e56bb1c7a374b48b1e5470a4731,bb549196d49a4992afdb1a15e70f51b8,00272_006.jpg,dekuNukem,,Single Pack,20exp
273,0,film_box_outside,Kodak,T-MAX 400,35mm,400,BW,199109,1756513293,72a666546e827faa550f70306addfadc,c3e0b9bbf7a94fe28d6c2fc3cab2a34d,00273_000.jpg,dekuNukem,,Single Pack,36exp
273,1,film_box_leaflet,Kodak,T-MAX 400,35mm,400,BW,199109,1756513295,e4ff3557731dab7094bebb64d7b6d680,92e90ab4cddd4e9d92981ba28f810803,00273_001.jpg,dekuNukem,,Single Pack,36exp
273,2,film_box_leaflet,Kodak,T-MAX 400,35mm,400,BW,199109,1756513299,c1165b09284cc0add821c170e99f810e,c6b25c061c1649c1a5fd09059473a330,00273_002.jpg,dekuNukem,,Single Pack,36exp
274,0,film_box_outside,Kodak,Ektachrome Elite 200,35mm,200,E-6,199708,1756513348,bf379156dee5c123ba00f4d36eaff006,5f3a81c10cdb46baa28b1b1fbc56a391,00274_000.jpg,dekuNukem,,Single Pack,36exp
274,1,film_box_inside,Kodak,Ektachrome Elite 200,35mm,200,E-6,199708,1756513352,60c9204941d7866036637c51f251d21d,4c120316ad9f4fedb57d57138d37d0e1,00274_001.jpg,dekuNukem,,Single Pack,36exp
275,0,film_box_outside,Kodak,Ektachrome 100HC,35mm,100,E-6,199411,1756513755,6933ef9ae7314e4ed4112f13868beaea,c7c26bb546634d47ae7fc5aa68b33ab9,00275_000.jpg,dekuNukem,,Single Pack,36exp
275,1,film_box_inside,Kodak,Ektachrome 100HC,35mm,100,E-6,199411,1756513756,aede321bc7700c04514964e5362c4252,de18a3dd00a744a3973965244938320f,00275_001.jpg,dekuNukem,,Single Pack,36exp
276,0,film_box_outside,Kodak,Ektachrome 100HC,35mm,100,E-6,199411,1756513843,44434d4f3580e9693f0b1e7e86c495e6,064dbfe80ca84ac99329c252bce0775a,00276_000.jpg,dekuNukem,,Single Pack,36exp
276,1,film_box_inside,Kodak,Ektachrome 100HC,35mm,100,E-6,199411,1756513845,d073d7aa36c36fbfdb03a17d80ac4621,3c397dbea68649edb38d6464d6516746,00276_001.jpg,dekuNukem,,Single Pack,36exp
277,0,film_box_outside,Fujifilm,FP-100C,Instant Pack Film,100,Instant,201501,1756725620,7d4d389d889c7c59f83b83894cad6c8e,9bf3702e732a42adb54727a565645cda,00277_000.jpg,@recycling.film,,Single Pack,10exp
277,1,film_box_inside,Fujifilm,FP-100C,Instant Pack Film,100,Instant,201501,1756725621,d31caecdb036c6f5d2dcd60b15febabb,bfb832790e754aa0ba98a030969ab95d,00277_001.jpg,@recycling.film,,Single Pack,10exp
278,0,film_box_outside,Kodak,Ektachrome 400X,120,400,E-6,200111,1756748213,7afefc6b863c1ca99daa226393c43e25,877e28be6f7240898a95616c39a95b82,00278_000.jpg,dekuNukem,,Multi-Pack-5,N/A
278,1,film_box_inside,Kodak,Ektachrome 400X,120,400,E-6,200111,1756748230,7c598c4cffa860626252a8617404a4bd,b17891fbab094a19b7da26c8ac2b40b4,00278_001.jpg,dekuNukem,,Multi-Pack-5,N/A
279,0,film_box_outside,Kodak,Ektachrome 100 Plus,220,100,E-6,200508,1756748275,c3c86ab2504b64d0a5c551a67f4528ba,389f8e8d270647eda7b0b7d2ab060183,00279_000.jpg,dekuNukem,,Multi-Pack-5,N/A
279,1,film_box_inside,Kodak,Ektachrome 100 Plus,220,100,E-6,200508,1756748277,00aba548e576bbd52a4dccb799c2c289,8a7459e9d8894fa8872872fea7032a9d,00279_001.jpg,dekuNukem,,Multi-Pack-5,N/A
280,0,film_box_outside,Kodak,Kodacolor-X,126,80,C-22,197409,1756748351,7a49f515b92c13fadb124cfbc6cb3821,818038affb2c4137a33e5de403510ce5,00280_000.jpg,dekuNukem,,Single Pack,12exp
281,0,film_box_outside,Fujifilm,Fujichrome Provia 100F,120,100,E-6,200612,1756748396,76d2bb988d07ec780fe23702e4612fbb,c7a59b3560b04f3a93f2ee26d1b21b4b,00281_000.jpg,dekuNukem,Japanese version?,Multi-Pack-5,N/A
282,0,film_box_outside,Phöbus-Platten,Sheet Film,12x16.5cm,Unknown,BW,Unknown,1756896181,d6cf988da2a5eec0f0b1edba00276831,d9b0fa92fbbb494085ce494cc407d505,00282_000.jpg,@ellafridalindblom,,Single Pack,12 Sheets
283,0,film_box_outside,Agfa,Trockenplatten,9x12cm,Unknown,BW,Unknown,1756896347,06c5d21cf63a7f2be51d0e196e31509a,ad700b1b71964ee3a1f2aaa78d8a0937,00283_000.jpg,@ellafridalindblom,,Single Pack,12 Sheets
284,0,film_box_outside,Defender,Extra Fast Panchromatic,12x16.5cm,Unknown,BW,Unknown,1756896520,e6d7a286c01c07a7a1bb7671e3ce2ef7,0d51ddb121144fe6a26519a75517348b,00284_000.jpg,@ellafridalindblom,,Single Pack,12 Sheets
285,0,film_box_outside,Defender,Extra Special Fast Panchromatic,12x16.5cm,Unknown,BW,Unknown,1756896590,a52b425dd6e0289cf1e88fd966949ecf,bacfd600baf843a694225c99ed99afcf,00285_000.jpg,@ellafridalindblom,,Single Pack,12 Sheets
286,0,film_box_outside,Agfa,Trockenplatten,9x12cm,Unknown,BW,Unkonwn,1756896636,ce67af968945c849c7de1d57998e6206,80d64fa269454c5589109c68a40541a8,00286_000.jpg,@ellafridalindblom,,Single Pack,12 Sheets
286,1,film_box_outside,Agfa,Trockenplatten,9x12cm,Unknown,BW,Unkonwn,1756896653,8507dd2bfad99f7f2bbe3d35bb38cf0d,90348c8ca8bf424eb54a73d1f129afb1,00286_001.jpg,@ellafridalindblom,,Single Pack,12 Sheets
287,0,film_box_outside,Agfa,Extra Rapid Platten,9x12cm,Unknown,BW,Unknown,1756896702,4ff019690276cfc536ae1d34a4a30560,b3c3d2e18aed443fb89465bd6f257418,00287_000.jpg,@ellafridalindblom,,Single Pack,12 Sheets
288,0,film_box_outside,Gevaert,Ultra Panchro Normal,12x16.5cm,800,BW,Unknown,1756896832,74b0fabf52bd6c70319aa972a6143b79,9a6b4771688d43c58b96c254e43d1ff6,00288_000.jpg,@ellafridalindblom,,Single Pack,12 Sheets
289,0,film_box_outside,Fujifilm,Neopan 400,35mm,400,BW,200401,1756896922,0834f6fb5b6fcb8cc1fce43b635d6733,93700c4c5c904b40b9c311614ebac088,00289_000.jpg,@ellafridalindblom,,Single Pack,36exp
289,1,film_box_inside,Fujifilm,Neopan 400,35mm,400,BW,200401,1756896924,88015f3d4ea74c48151fffc5059818b3,95ed7ff9054943edb1339bc4c06ee17e,00289_001.jpg,@ellafridalindblom,,Single Pack,36exp
290,0,film_box_outside,Fujifilm,Fujichrome Sensia 200,35mm,200,E-6,200405,1756897121,2d1c6f24ec02412dad10a29913057353,50c87b98fb1245c189e746556f6b3a01,00290_000.jpg,@ellafridalindblom,,Single Pack,36exp
290,1,film_box_inside,Fujifilm,Fujichrome Sensia 200,35mm,200,E-6,200405,1756897126,00a2fa24962eef4e17f9997e56c7c4cc,5ea770cbc81f42758f9e01cf960f01b3,00290_001.jpg,@ellafridalindblom,,Single Pack,36exp
291,0,film_box_outside,Konica Minolta,Commercial Color Film,35mm,100,C-41,200702,1756897372,4760b2caace8231ad5db0c00f210d530,0b703dc8e8c74e8b9dd3215fa370e903,00291_000.jpg,@ellafridalindblom,,Single Pack,24exp
292,0,film_box_outside,Fujifilm,Fujichrome Sensia 100,35mm,100,C-41,200406,1756897420,52e9fed4d8fb09631c69a8e51865cf5c,ae2418a073074872aa2c46534649a859,00292_000.jpg,@ellafridalindblom,,Multi-Pack-3,36exp
293,0,film_box_outside,Konica,Infrared 750nm,120,32,BW,199302,1756897752,d454f31b4db257d61aba5d6bf645cc69,25b1c5f73455417384b6ef1a78b06b0e,00293_000.jpg,@ellafridalindblom,,Single Pack,N/A
293,1,film_box_leaflet,Konica,Infrared 750nm,120,32,BW,199302,1756897755,c60c4689c9eacede777c262a1ffc6c6c,7b9dbba78af944b1a37dfe6112cdd9b0,00293_001.jpg,@ellafridalindblom,,Single Pack,N/A
293,2,film_box_leaflet,Konica,Infrared 750nm,120,32,BW,199302,1756897759,47264b2d42b4a16efb459d441c49d0cd,685cd88d9a3244ad8de01af68f32c144,00293_002.jpg,@ellafridalindblom,,Single Pack,N/A
294,0,film_box_outside,Kodak,Ektachrome 400,120,400,E-6,198010,1756942177,6064d56e2295b560182598831eafb4a8,7c96865a4b554505b46710b016fd2b94,00294_000.jpg,dekuNukem,,Single Pack,N/A
294,1,film_box_leaflet,Kodak,Ektachrome 400,120,400,E-6,198010,1756942186,2929f8c7dc76427f009db28f115e4cea,53dbbb4bb5fe48e88ed62f5f595f7bab,00294_001.jpg,dekuNukem,,Single Pack,N/A
294,2,film_box_leaflet,Kodak,Ektachrome 400,120,400,E-6,198010,1756942189,9336cca4d4e075ba923c702989786b9c,8d4656fd04a842ddafb29997f55ccb69,00294_002.jpg,dekuNukem,,Single Pack,N/A
295,0,film_box_outside,Kodak,Ektachrome Professional,120,50,E-3,197712,1756942295,404125f1c921e45cea3399f3f9b5a636,aa971cf96ee94671899aff23564902a1,00295_000.jpg,dekuNukem,,Single Pack,N/A
295,1,film_box_leaflet,Kodak,Ektachrome Professional,120,50,E-3,197712,1756942298,c45f29339a9a7cc4682024680adddbfc,39df14e1dcee4f79bf2cb7ddb03265a8,00295_001.jpg,dekuNukem,,Single Pack,N/A
295,2,film_box_leaflet,Kodak,Ektachrome Professional,120,50,E-3,197712,1756942301,5ed652bdeb19a3e1462c3e8a03912535,fc04a897f24546cc9a6751b83c8e93ff,00295_002.jpg,dekuNukem,,Single Pack,N/A
295,3,film_box_leaflet,Kodak,Ektachrome Professional,120,50,E-3,197712,1756942304,99136a865f6b884a50558782f3f4b527,3dd8f1463a874d57bc90793c0245a9f4,00295_003.jpg,dekuNukem,,Single Pack,N/A
295,4,film_box_leaflet,Kodak,Ektachrome Professional,120,50,E-3,197712,1756942308,a87c4e43fa2c8aedcdb2dc8b801f2606,2d2b3b0808304c8fa9c8810ea8dcc6e4,00295_004.jpg,dekuNukem,,Single Pack,N/A
296,0,film_box_outside,Kodak,Ektachrome Professional Type B,120,32,E-3,197411,1756942394,58929897e950695bc0be2452d62b8cdc,666d8c45723a458199b88976a68e1d9d,00296_000.jpg,dekuNukem,,Single Pack,N/A
296,1,film_box_leaflet,Kodak,Ektachrome Professional Type B,120,32,E-3,197411,1756942402,5726f9d1472adc6b0ad9514dd90ef2f0,f334a74bb5b94b8f9b24bda99e8ef2ab,00296_001.jpg,dekuNukem,,Single Pack,N/A
296,2,film_box_leaflet,Kodak,Ektachrome Professional Type B,120,32,E-3,197411,1756942408,5210ed2c3df974e278d6327c3650b4c8,5b61ba8200934d8b8f89c63c03d389f1,00296_002.jpg,dekuNukem,,Single Pack,N/A
296,3,film_box_leaflet,Kodak,Ektachrome Professional Type B,120,32,E-3,197411,1756942411,17d9fccbf50b1f9568515865a4391ed6,349ef3a2ea8244f78955530ca905e8c9,00296_003.jpg,dekuNukem,,Single Pack,N/A
296,4,film_box_leaflet,Kodak,Ektachrome Professional Type B,120,32,E-3,197411,1756942413,dec814b18a98220fce4cefd1bb8a0624,b7c2b191e72e4ae297c4c78d98585957,00296_004.jpg,dekuNukem,,Single Pack,N/A
297,0,film_box_outside,Kodak,FarbWelt 400,35mm,400,C-41,200909,1757025833,3a2072765ae1732cb103129b67cb43f9,dc04ec32aeda4b9ba394437272fde9b6,00297_000.jpg,dekuNukem,,Multi-Pack-2,36exp
298,0,film_box_outside,Agfa,Optima II 400,120,400,C-41,200202,1757115319,15172d990019748f685364bb4e1451ad,4ae0df57aeb24746a0a7854da202fdf0,00298_000.jpg,dekuNukem,,Single Pack,N/A
298,1,film_box_inside,Agfa,Optima II 400,120,400,C-41,200202,1757115321,1e8bdddf3e2de6d3e3b63d5db54b361f,14bad93245df4dbdbcdaacff90eafb1a,00298_001.jpg,dekuNukem,,Single Pack,N/A
299,0,film_box_processing_envelope,Kodak,Portra 400UC,120,400,C-41,200409,1757115389,eb1f8d61ba84dba9b5268e473365d369,87e948a92b624ef996d2e1da3a7b5b9e,00299_000.jpg,dekuNukem,"sample pack, not for resale.",Single Pack,N/A
299,1,film_box_inside,Kodak,Portra 400UC,120,400,C-41,200409,1757115392,5a945e87ff042efc9f487779e4a0f916,4d0264c90bd7476099107ddfac1ec67f,00299_001.jpg,dekuNukem,"sample pack, not for resale.",Single Pack,N/A
300,0,film_box_outside,Agfa,Agfapan APX 400,120,400,BW,200507,1757115437,28cf59410e58bc47446599483bc159ff,4f4b0a2c13064863a1db469838095855,00300_000.jpg,dekuNukem,,Single Pack,N/A
300,1,film_box_inside,Agfa,Agfapan APX 400,120,400,BW,200507,1757115450,828414022a5ea5bbd7f71972ed8202bf,a8ade8c85a504d288a6d5d7458843652,00300_001.jpg,dekuNukem,,Single Pack,N/A
301,0,film_box_outside,Agfa,AgfaColor Optima 200,120,200,C-41,200006,1757115499,32f28cae49006428c363ba070721dfa8,e8465f64b1f84f32900d92caa25e393d,00301_000.jpg,dekuNukem,,Single Pack,N/A
301,1,film_box_inside,Agfa,AgfaColor Optima 200,120,200,C-41,200006,1757115504,dc8dacfeaef82f8c3a77f0b847ea2ee4,af2f0855d49849daa5b8fbde77c2ce5d,00301_001.jpg,dekuNukem,,Single Pack,N/A
302,0,film_box_outside,Ilford,Ilfochrome,35mm,100,E-6,202605,1757151478,6c6fb64759780899f603ddbb5b86076a,e7713fa57cac41e3ae3f416f3ea5ac24,00302_000.jpg,kaimon,,Single Pack,36exp
303,0,film_box_outside,Kodak,High Speed Ektachrome,120,125,Unknown,197701,1757151658,dddca4f4630a69663a3960122049b094,ac9eab85f0874cf7aa5c67f0458e7533,00303_000.jpg,kaimon,Tungsten (3200K) EHB 120,Single Pack,N/A
303,1,film_box_leaflet,Kodak,High Speed Ektachrome,120,125,Unknown,197701,1757151660,fc8706376ab4f0ce882e727c13ba41b2,304a86e18bd841ee86c30538fe4e1940,00303_001.jpg,kaimon,Tungsten (3200K) EHB 120,Single Pack,N/A
303,2,film_box_leaflet,Kodak,High Speed Ektachrome,120,125,Unknown,197701,1757151662,8963e8be58a562680a1143914c2ea966,00e9096cb514470d8c00d2f66a652286,00303_002.jpg,kaimon,Tungsten (3200K) EHB 120,Single Pack,N/A
304,0,film_box_outside,Ilford,FP4 Plus,35mm,125,BW,202809,1757152011,6be62072ad9a04780e05bca99d1813d7,c1bab96948014588adbde72665853bc0,00304_000.jpg,@toastergod101,,Single Pack,24exp
304,1,film_box_inside,Ilford,FP4 Plus,35mm,125,BW,202809,1757152013,783402ec48c4ee378fde76adfeeb12fc,627cee08157e4e5c9277b0e02fe7eb6c,00304_001.jpg,@toastergod101,,Single Pack,24exp
305,0,film_box_outside,Ilford,Delta 400 Professional,35mm,400,BW,202612,1757152054,9ec1a11dd3792e28d55905b148065448,3b21d893a52242f886e7057855d7f3da,00305_000.jpg,@toastergod101,,Single Pack,36exp
305,1,film_box_inside,Ilford,Delta 400 Professional,35mm,400,BW,202612,1757152062,22f9959821e555ac2ac95af292e6f487,be7e29869fd34099b29753fc5dc86b02,00305_001.jpg,@toastergod101,,Single Pack,36exp
306,0,film_box_outside,Harman,Red,35mm,125,C-41,202607,1757152101,09982a330120adfe04cf2f767e273829,3903165bcfbc43ad9a6ee42e7922da3a,00306_000.jpg,@toastergod101,,Single Pack,36exp
306,1,film_box_inside,Harman,Red,35mm,125,C-41,202607,1757152103,8194ae2ea684966757153e1023783ab1,e4133b6a1709448dbe4efa97d028e25a,00306_001.jpg,@toastergod101,,Single Pack,36exp
307,0,film_box_outside,Fujifilm,Instax Mini,Instant Integral Film,800,Instant,202704,1757152196,3dc7a34913e84ff97468e772676b536e,b8ea314888b244f8ab8ace49c734e5e7,00307_000.jpg,@toastergod101,,Multi-Pack-2,10exp
308,0,film_box_outside,Fujifilm,Fujicolor HR100,120,100,C-41,198602,1757154576,fa8dc3bd018c5269354e81c0c9e06b75,934f2484197d41c7a5467b92a9ea23c5,00308_000.jpg,dekuNukem,,Single Pack,N/A
308,1,film_box_leaflet,Fujifilm,Fujicolor HR100,120,100,C-41,198602,1757154577,577b24210b380517bee19d790a66afde,172bc614704c4391bd34e58f0b27b279,00308_001.jpg,dekuNukem,,Single Pack,N/A
308,2,film_box_leaflet,Fujifilm,Fujicolor HR100,120,100,C-41,198602,1757154579,39a73eae0e1f523f0dffd7215b181126,3e4277ca388248c5a4ea7d11988bf3a6,00308_002.jpg,dekuNukem,,Single Pack,N/A
309,0,film_box_outside,Ilford,Delta 400 Professional,35mm,400,BW,200707,1757270183,91080b62f1e51062bfccc9f6f0d18c00,f38dd0735c2e441088b421eec4678f8b,00309_000.jpg,dekuNukem,,Single Pack,24exp
309,1,film_box_inside,Ilford,Delta 400 Professional,35mm,400,BW,200707,1757270185,c3ae682fad72b9a058f5a19e14067f99,c32ca8b644b54348a71dab9414ec61d4,00309_001.jpg,dekuNukem,,Single Pack,24exp
310,0,film_box_outside,Ilford,Delta 100 Professional,120,100,BW,200502,1757270210,9486041f7b3404203189e190b90ebf68,c2225dedcae040e7bb27a918c4ca93b9,00310_000.jpg,dekuNukem,,Single Pack,N/A
310,1,film_box_inside,Ilford,Delta 100 Professional,120,100,BW,200502,1757270211,a58412d34ba686a599b57144a28b87d9,999648311ef040049db316f49db239b0,00310_001.jpg,dekuNukem,,Single Pack,N/A
311,0,film_box_outside,Alien Film,Aeronega,120,100,C-41,202601,1757270710,31ab10d4b368bb34952f4f9148b4453e,46e2cf3d6d78474ca55da2c510d0d1c5,00311_000.jpg,@zruk_ts,,Single Pack,N/A
313,0,film_box_outside,Lomography,Color Negative Film,120,800,C-41,202709,1757270810,c9de49007e6205a07cbf183f5efd031a,e200ab98ca5746cbb6f3af1afb481529,00313_000.jpg,@zruk_ts,,Single Pack,N/A
313,1,film_box_inside,Lomography,Color Negative Film,120,800,C-41,202709,1757270811,3c3dc7deb6c4fa87c8da8785d8745882,b59730221b5f438388c4a9cbcba44676,00313_001.jpg,@zruk_ts,,Single Pack,N/A
314,0,film_box_outside,Lomography,Lomochrome Color'92,120,400,C-41,202704,1757270856,d6967fb40f1157c98d1c70846f336018,48a192dcc8f44c17a449dfccf8279fdb,00314_000.jpg,@zruk_ts,,Single Pack,N/A
314,1,film_box_inside,Lomography,Lomochrome Color'92,120,400,C-41,202704,1757270859,9be67ee7742560bba138f7701faa3830,d7e77f89cf4549d383b81dad410adff4,00314_001.jpg,@zruk_ts,,Single Pack,N/A
315,0,film_box_outside,Fujifilm,Fujicolor Superia X-TRA 400,120,400,C-41,200607,1757270897,305f5ca0ea6b417bfb70dae3f9ab3530,905002d5cdc24e36b190fb04a38cda37,00315_000.jpg,@zruk_ts,,Single Pack,N/A
315,1,film_box_inside,Fujifilm,Fujicolor Superia X-TRA 400,120,400,C-41,200607,1757270903,6efa2fe36a9c93f2065d650cd79e9143,0e0ad3d8bf184fe4ba12b803f267b71e,00315_001.jpg,@zruk_ts,,Single Pack,N/A
316,0,film_box_outside,Svema,Foto 200,35mm,200,BW,202604,1757270950,6c682a2f2dfa49db2a2dc9f835305047,031527052b0d4c4daf74708dde626991,00316_000.jpg,@zruk_ts,,Single Pack,36exp
317,0,film_box_outside,Foma,Fomapan Classic 100,35mm,100,BW,202503,1757271080,ec22f8aee708d3bcfa3a6880055091e3,295bd5709b1e4dd88204bd2c67bd1731,00317_000.jpg,@zruk_ts,,Single Pack,36exp
317,1,film_box_inside,Foma,Fomapan Classic 100,35mm,100,BW,202503,1757271082,223d0004d096b9d9a29d3ecd4ae7f1ed,cafaee7054534b7284726cab6f56c367,00317_001.jpg,@zruk_ts,,Single Pack,36exp
318,0,film_box_outside,Fujifilm,Fujichrome Provia 400 Professional,120,400,E-6,199708,1757502579,9fcb10c6e149c7cb53047889b145d504,eb3d804130c64e0f9486b1134bc7b7b2,00318_000.jpg,dekuNukem,RHP,Single Pack,N/A
318,1,film_box_leaflet,Fujifilm,Fujichrome Provia 400 Professional,120,400,E-6,199708,1757502581,4639afa4602cb5e3f4d25481c7780c3d,022093eba4ed4f8fa2875519ad245735,00318_001.jpg,dekuNukem,RHP,Single Pack,N/A
318,2,film_box_leaflet,Fujifilm,Fujichrome Provia 400 Professional,120,400,E-6,199708,1757502583,293033b0ee1b0a211556011df57e4f0e,16af66bb84f245a89c2bdb1c2d548ce2,00318_002.jpg,dekuNukem,RHP,Single Pack,N/A
319,0,film_box_outside,Fujifilm,Fujichrome Provia 400F Professional,120,400,E-6,200305,1757502630,49b647ece9edf358e893be3114f3ee2d,41ebc0cc4fb746288adb198f58a84591,00319_000.jpg,dekuNukem,RHP III,Single Pack,N/A
319,1,film_box_inside,Fujifilm,Fujichrome Provia 400F Professional,120,400,E-6,200305,1757502643,38e0d3e33cae04dd0d3190eba77363aa,af8da0bc734f498f80c6423b2d78667b,00319_001.jpg,dekuNukem,RHP III,Single Pack,N/A
320,0,film_box_outside,Kodak,Advantix Ultra,APS,200,C-41,200307,1757526909,296f47796eb0437ad0dcf8c96a3bb8de,59358e7096174d7f926ed0aab9fd030a,00320_000.jpg,Aoi Yuki,,Single Pack,40exp
321,0,film_box_outside,Mr. Negative,250D,35mm,250,ECN-2,202401,1757615275,dfd8aa466f3aa0fef6b7924157d402e2,e5b29575691e43d8bc17578978083574,00321_000.jpg,@sachynmital,,Single Pack,36exp
322,0,film_box_outside,Mr. Negative,Eterna 250D,35mm,250,ECN-2,201301,1757615389,a9a4551ebccba34d3947f2d781b53b2f,955fbe87cb4c45dfb7f198cc638d6d6e,00322_000.jpg,@sachynmital,,Single Pack,36exp
323,0,film_box_outside,Mr. Negative,Silver Screen Negative,35mm,200,ECN-2,202401,1757615460,22addca551cda3c6f7bb25e238369f29,4acd5aeda3a34bc89b646a14bb4dc968,00323_000.jpg,@sachynmital,,Single Pack,36exp
324,0,film_box_outside,SupaSnaps,Snappit Film,126,100,C-41,199305,1757723961,751b6b91d70eb14c78b42d85d08d2130,1cf47ce82b58418f9e009b4f0121c41b,00324_000.jpg,dekuNukem,,Single Pack,24exp
324,1,film_cartridge,SupaSnaps,Snappit Film,126,100,C-41,199305,1757723964,beccd7e55ef0873c73c17b21ec340820,2406fd96271a4db4b946e0e17a503b1b,00324_001.jpg,dekuNukem,,Single Pack,24exp
325,0,film_box_outside,Kodak,Kodacolor II,120,80,C-22,197803,1757724085,9d159f566b618f92e182253c237e9c55,3bfb81116e54468fb296098a03ad4108,00325_000.jpg,dekuNukem,,Single Pack,N/A
325,1,film_box_leaflet,Kodak,Kodacolor II,120,80,C-22,197803,1757724086,7d0e10fd4ce3179851b3d1f108bb5331,cdd3df87cea649c7b8015b295520bd54,00325_001.jpg,dekuNukem,,Single Pack,N/A
325,2,film_box_leaflet,Kodak,Kodacolor II,120,80,C-22,197803,1757724090,bdb9c5f280169240b25d5d8ba2f5ce7c,5bb72bffd3224a279eb4b01c201a80f2,00325_002.jpg,dekuNukem,,Single Pack,N/A
326,0,film_box_outside,Kodak,Advantix Ultra Max,APS,400,C-41,200407,1757724131,1deafb13b7df72196f48f74d54af896d,5b9792793fd94c9a9f9f776fe34e1ca2,00326_000.jpg,dekuNukem,,Single Pack,25exp
327,0,film_box_outside,Polaroid,High Definition,110,200,C-41,200201,1757724210,ef32effe20c353cda323aab0bfdc550b,6c15a39618164543bfc2ef7f54addeb6,00327_000.jpg,dekuNukem,,Single Pack,24exp
328,0,film_box_outside,Agfa,AgfaColor HDC Plus,110,200,C-41,200107,1757724290,a74c343072bbaa38acf546ba351a9c80,9cec7faf26254e72bfb79611ea6ed22b,00328_000.jpg,dekuNukem,,Single Pack,24exp
329,0,film_box_outside,Agfa,AgfaColor Vista,110,200,C-41,200305,1757724338,f07aa2c28944ce716c0f9fe3c4a0f94b,81e8726a7d3b45beb1f1bd6c1cbc2f14,00329_000.jpg,dekuNukem,,Single Pack,24exp
330,0,film_box_outside,CineStill,400Dynamic,35mm,400,C-41,202508,1757759379,a4ef4621e46e3e4156841b6b056986fa,587ac1b471994b54bb5f472d6975fccd,00330_000.jpg,@filmfotofella,,Single Pack,36exp
330,1,film_box_inside,CineStill,400Dynamic,35mm,400,C-41,202508,1757759381,fc7e21746e1c520e06ca3c2ba4a128ef,96209110f95e4744b78b1d31a44f73cf,00330_001.jpg,@filmfotofella,,Single Pack,36exp
331,0,film_box_outside,Kodak,Kodacolor 400,110,400,C-41,198104,1757759712,0cba3d92958be5aa5c01c673d980dc51,3ef3252141a64ffe9d7e3fad745b9e4c,00331_000.jpg,@filmfotofella,,Single Pack,20exp
331,1,film_box_leaflet,Kodak,Kodacolor 400,110,400,C-41,198104,1757759714,bbfc9a7b2e65c916cbf539b7fffb9bf9,2227688b4c8b4ef796fb75f487359f71,00331_001.jpg,@filmfotofella,,Single Pack,20exp
331,2,film_box_leaflet,Kodak,Kodacolor 400,110,400,C-41,198104,1757759716,9037ceb7626effee95f371a12a07c825,a87701598e4540da8804dd29aa0922f7,00331_002.jpg,@filmfotofella,,Single Pack,20exp
332,0,film_box_outside,Kodak,110 Film,110,400,C-41,200702,1757760004,8086dce03967b3912e435452d5034be0,6c0cf01a1703494296ce60ad5dd28cca,00332_000.jpg,@filmfotofella,,Single Pack,24exp
333,0,film_box_outside,Kodak,Ultra,110,400,C-41,200711,1757760052,e52bae72446d6bf6038cfda64c08bbb4,d01783be3b70456095411ca387865701,00333_000.jpg,@filmfotofella,,Single Pack,24exp
334,0,film_box_outside,Jessops,CS100,35mm,100,E-6,200309,1757795926,a9fc0b7a4b826e635d4a1442d589ea8d,6e2123fd1134408789902c16b3764288,00334_000.jpg,GreatGizmo74,,Single Pack,36exp
334,1,film_box_inside,Jessops,CS100,35mm,100,E-6,200309,1757795928,5f7937edabc30001296c7c536885a913,488ad47450f348a898c909433e87172f,00334_001.jpg,GreatGizmo74,,Single Pack,36exp
334,2,film_box_processing_envelope,Jessops,CS100,35mm,100,E-6,200309,1757795930,77bb1167cca3d229df265b940a0601c5,460cbe6f0af64e2d9a648dc1795c4605,00334_002.jpg,GreatGizmo74,,Single Pack,36exp
334,3,film_box_processing_envelope,Jessops,CS100,35mm,100,E-6,200309,1757795936,03c25a481c1aafda12ad69a3640c9b35,c41e2cc23bee49768e995b15393af204,00334_003.jpg,GreatGizmo74,,Single Pack,36exp
335,0,film_box_outside,Jessops,Diamond Everyday,35mm,200,C-41,200512,1757796321,ecb7b1e298f6ced72e4ca4f7bf2378d7,44e526db85e94a63ac582d20a1cc6d5a,00335_000.jpg,GreatGizmo74,,Single Pack,36exp
335,1,film_box_inside,Jessops,Diamond Everyday,35mm,200,C-41,200512,1757796323,775e7e559172f13e9bd9ce316c6594e0,3e6eca45a0704e0da5c37631b1fd0b56,00335_001.jpg,GreatGizmo74,,Single Pack,36exp
336,0,film_box_outside,Lomography,Lomochrome Color’92,120,400,C-41,202607,1758141412,3ea3b42c774407ed33dc1d3d05db327c,e72a327c49d3440c85ab03647ff00960,00336_000.jpg,The Compartmentalist,,Single Pack,N/A
337,0,film_box_outside,Kodak,UltraMax,35mm,400,C-41,202601,1758142040,6dac178ca825cb7c5c5fc51a3154071a,7fc91e3ef9cf4519adde24e24938e3ba,00337_000.jpg,The Compartmentalist,,Multi-Pack-3,36exp
338,0,film_box_outside,Kodak,Tri-X Pan,120,400,BW,198612,1758142393,beeeeb8d8feebd77f515dc113a663a15,496c4c1b618442bf933f48660acef201,00338_000.jpg,@ellafridalindblom,,Single Pack,N/A
338,1,film_box_leaflet,Kodak,Tri-X Pan,120,400,BW,198612,1758142396,64cba18aadc3fcee0b224abb2c866650,8dd3ba1b167542bb95a7661994e4246e,00338_001.jpg,@ellafridalindblom,,Single Pack,N/A
338,2,film_box_leaflet,Kodak,Tri-X Pan,120,400,BW,198612,1758142401,77d5c18e893d38e0bf3b20375151e089,120f8d3620ca4d8d84af3c32c09c5bba,00338_002.jpg,@ellafridalindblom,,Single Pack,N/A
339,0,film_box_outside,Fujifilm,Fujichrome 64T,120,64,E-6,199904,1758142794,6c996366619d72f5c7b6d01d7fcd78e4,5bfbb5140c7943fcb52950d4db4c311b,00339_000.jpg,@ellafridalindblom,,Multi-Pack-5,N/A
339,1,film_box_outside,Fujifilm,Fujichrome 64T,120,64,E-6,199904,1758142797,3aaeb228c2d7ba76e30c4ff5716f703f,be884dd0a48d4d35b510d4bfbf61bcd5,00339_001.jpg,@ellafridalindblom,,Multi-Pack-5,N/A
339,2,film_box_inside,Fujifilm,Fujichrome 64T,120,64,E-6,199904,1758142803,5e996dfcc102e9f3f4c23743f28af048,0532cf90dadd4f8a9d5b2e6654989bbb,00339_002.jpg,@ellafridalindblom,,Multi-Pack-5,N/A
340,0,film_box_outside,Konica,Sepia Professional,120,400,C-41,200205,1758143031,09fb56c3db9dcccf6df3f453f22cb4f9,83467c04e5254b4286b48e5a8e1b0b40,00340_000.jpg,@ellafridalindblom,,Single Pack,N/A
341,0,film_box_outside,Fujifilm,Neopan 400 Presto,120,400,BW,201004,1758143100,b7e42dfbe2bdfc24b1be4048feec0998,cd3f61fd84d844c0810b9a508c4721a7,00341_000.jpg,@ellafridalindblom,,Single Pack,N/A
342,0,film_box_outside,Ificolor,SHR 100,126,100,C-41,199205,1758143163,736dfe7764908a71e894e81193bfac6c,b5dd426d99ad43e5b289be7acd9c0198,00342_000.jpg,@ellafridalindblom,,Single Pack,24exp
343,0,film_box_outside,Fujifilm,Neopan SS,120,100,BW,198807,1758143233,14ddb9445c3f67ec4780666eab941708,f211bfbc4ac9498bb83cfe5f3846d848,00343_000.jpg,@ellafridalindblom,,Single Pack,N/A
344,0,film_box_leaflet,Ificolor,Super FG HQ 200,35mm,200,C-41,199303,1758143302,c32e943bd5ede212829772e4033e39f3,07d897691a00479584d29dbe8c05ff86,00344_000.jpg,@ellafridalindblom,,Single Pack,36exp
345,0,film_box_outside,Kodak,Portra 160,35mm,160,C-41,202601,1758147206,ba5074f5cecb27734282076d17f26d3e,404910cf04a14b8ab5116ec9c2f86b0a,00345_000.jpg,The Compartmentalist,,Multi-Pack-5,36exp
346,0,film_box_outside,Polaroid,Polavision Phototape Land Cassette Type 608,Polavision,40,Instant,198008,1758216858,805f05c3de8a020b3f2487f62533664c,010a03a196a543beb83906a352d490b9,00346_000.jpg,dekuNukem,,Single Pack,38.5ft
347,0,film_box_outside,Film Corporation of America,TriFCA 120,120,80,Unknown,197610,1758217018,69e61b44427be42a7d292a68a8bdedc9,6041b4bb7a8149ee98f4b7e3b80ad024,00347_000.jpg,dekuNukem,,Single Pack,N/A
347,1,film_box_leaflet,Film Corporation of America,TriFCA 120,120,80,Unknown,197610,1758217020,a96df36194c4bf42869d442fe7103bbb,d82edd4e175246df8a163421cbf276fe,00347_001.jpg,dekuNukem,,Single Pack,N/A
347,2,film_box_leaflet,Film Corporation of America,TriFCA 120,120,80,Unknown,197610,1758217023,e9bee39586084a900b8351a80a3bbab9,f59f27c936cf4c98bfd8fb480a56f858,00347_002.jpg,dekuNukem,,Single Pack,N/A
347,3,film_box_processing_envelope,Film Corporation of America,TriFCA 120,120,80,Unknown,197610,1758217026,08683deb1e4bfd5f5da509b37c271f4b,9d3c5d4e5a1948cc86a38226b1a51dc4,00347_003.jpg,dekuNukem,,Single Pack,N/A
347,4,film_box_processing_envelope,Film Corporation of America,TriFCA 120,120,80,Unknown,197610,1758217029,f31352f957dc49419616799f42b9bc00,42849bf6f7684843ab2f412fadcd58e8,00347_004.jpg,dekuNukem,,Single Pack,N/A
348,0,film_box_outside,Film Corporation of America,TriFCA 120,120,80,Unknown,Unknown,1758217274,6a5e93c7279768e7bdf1ba6465ed6ad6,49fdf7859f354d85933ce875998c9937,00348_000.jpg,dekuNukem,"Expiry is probably later than the other one, due to the increase of the processing cost.",Single Pack,N/A
348,1,film_box_leaflet,Film Corporation of America,TriFCA 120,120,80,Unknown,Unknown,1758217278,0aedfb908fd8a770ad9669c13e454230,6ecc1d182bf8420d9d0c02e83bda565d,00348_001.jpg,dekuNukem,"Expiry is probably later than the other one, due to the increase of the processing cost.",Single Pack,N/A
348,2,film_box_leaflet,Film Corporation of America,TriFCA 120,120,80,Unknown,Unknown,1758217281,864840df1ff34f74a329a0c48f636ea6,273677a3c51140c781c4f2bcc7da1ce3,00348_002.jpg,dekuNukem,"Expiry is probably later than the other one, due to the increase of the processing cost.",Single Pack,N/A
348,3,film_box_processing_envelope,Film Corporation of America,TriFCA 120,120,80,Unknown,Unknown,1758217285,dfb0f39cdd524f6bfa731b1c9ea12133,98f8c5fced3c41198779e0bc6342b785,00348_003.jpg,dekuNukem,"Expiry is probably later than the other one, due to the increase of the processing cost.",Single Pack,N/A
348,4,film_box_processing_envelope,Film Corporation of America,TriFCA 120,120,80,Unknown,Unknown,1758217287,ae4546527ccd4522e0b30552e565a178,1ea1b9e629554579aa058a12e7d4c721,00348_004.jpg,dekuNukem,"Expiry is probably later than the other one, due to the increase of the processing cost.",Single Pack,N/A
348,5,film_box_processing_envelope,Film Corporation of America,TriFCA 120,120,80,Unknown,Unknown,1758217289,c9d9f044e343030c7d763f09c47a7f8a,1d879777e90646b7958f04a7b03c4569,00348_005.jpg,dekuNukem,"Expiry is probably later than the other one, due to the increase of the processing cost.",Single Pack,N/A
349,0,film_box_outside,Polaroid,990,Instant Integral Film,640,Instant,200810,1758217403,5c998dd8aaf3f14107177ec6100cc3df,79f8183905d443aaaab84c6f0944e3bc,00349_000.jpg,dekuNukem,,Multi-Pack-2,10exp
349,1,film_box_outside,Polaroid,990,Instant Integral Film,640,Instant,200810,1758217406,1b4a35004149920a4f04b0b6eb6508be,6e2ec8c800b140baaf1a2438e722931c,00349_001.jpg,dekuNukem,,Multi-Pack-2,10exp
349,2,film_box_inside,Polaroid,990,Instant Integral Film,640,Instant,200810,1758217410,8c825fd86edc53dee141c36475adedf5,d4caa7bc6e1a46e1a5712fccfe5003e0,00349_002.jpg,dekuNukem,,Multi-Pack-2,10exp
349,3,film_box_inside,Polaroid,990,Instant Integral Film,640,Instant,200810,1758217413,2877280473599ab1b919932e4dee42c2,99e7ca19be7b412ba276d45c7a09369f,00349_003.jpg,dekuNukem,,Multi-Pack-2,10exp
350,0,film_box_outside,Fujifilm,Fujicolor HR 1600,35mm,1600,C-41,198708,1758217456,4fed2b8b202837bee9f4edf99518c394,bbcc3da99c5c4734a5a8a985b9b31d39,00350_000.jpg,dekuNukem,,Single Pack,12exp
350,1,film_box_leaflet,Fujifilm,Fujicolor HR 1600,35mm,1600,C-41,198708,1758217458,08b88884470ca21adbc638915a72be22,911c893c07554c488c396cebc100e6b5,00350_001.jpg,dekuNukem,,Single Pack,12exp
350,2,film_box_leaflet,Fujifilm,Fujicolor HR 1600,35mm,1600,C-41,198708,1758217460,5f9c4ef28051cb781c9de5016b9562f0,f5abcdb901ff4bae82a7b52a8d8dda5c,00350_002.jpg,dekuNukem,,Single Pack,12exp
351,0,film_box_outside,Klick,Max Extra Definition Multi Purpose Film,35mm,200,C-41,200706,1759069104,be952c7e507c979f0f6546867cfc9b6f,b1affc3985b44a4781729ffa50908ae4,00351_000.jpg,dekuNukem,,Single Pack,36exp
352,0,film_box_outside,Polaroid,Spectra Film,Instant Integral Film,600,Instant,200211,1759069689,a02b1506853cc8dee10fd6d7c0d78e94,2ec40bee5af2471cad92278123ba7a94,00352_000.jpg,@ellafridalindblom,,Single Pack,10exp
353,0,film_box_outside,Kodak,High Speed Infrared Film 2481,35mm,Unknown,BW,197401,1759069831,63d9db3af2fc8711d36f44e9c334a60a,6670d5214ea545e99bfb7aadb6d4aa7a,00353_000.jpg,@ellafridalindblom,,Bulk Roll,150ft
354,0,film_box_outside,Impossible Project,PX 600 Silver Shade UV+,Instant Integral Film,600,Instant,Unknown,1759070023,8e29ec69c012c78613e62ca25cadc871,28ed6948476d4d7baeb8e7fd7c3520f3,00354_000.jpg,@ellafridalindblom,,Single Pack,8exp
355,0,film_box_outside,JCH,Streetpan,120,400,BW,202604,1759070227,e600dd4a89d0acde5da92cc9fbbb976b,f32d9e32d43441b79220744cdb4e5c70,00355_000.jpg,@Hol.m35,,Single Pack,N/A
355,1,film_box_inside,JCH,Streetpan,120,400,BW,202604,1759070229,c7fa317f0a627f03574751166af71b8f,7935fbe7f8a44593a172f1e9fc2fd2bc,00355_001.jpg,@Hol.m35,,Single Pack,N/A
356,0,film_box_outside,Club Color,Natural Color System,35mm,800,C-41,200307,1759070606,d67213f028b8cef7718bfbf74798cb51,88f5c251c21546fba06cd2943e55813a,00356_000.jpg,lemoniter,,Single Pack,24exp
357,0,film_box_outside,Agfa,Isopan ISS,127,100,BW,197401,1759071009,4c7f2fb16ad2a0ee99b0af497d87131b,ab1d4ea5f512444e92d82e4610c75ba6,00357_000.jpg,fine-seat,,Single Pack,N/A
358,0,film_box_outside,Herzog,Duxopan,35mm,100,BW,198209,1759071070,8ea15a634aee140e4edbf38c0fd9e94b,7ac665727691429d9ea1ec73ebe9a9ad,00358_000.jpg,fine-seat,,Single Pack,12exp
359,0,film_box_outside,ORWO,Chrom UT21,35mm,100,Unknown,199105,1759071339,f0d6631cc327c227e1c8e06a8ca1ee62,e3f739b7106044949b4f101684ad3fd5,00359_000.jpg,fine-seat,,Single Pack,24exp
359,1,film_box_leaflet,ORWO,Chrom UT21,35mm,100,Unknown,199105,1759071344,b2f45b924d10c3459e57c9ab2ce2b138,a9dd1ce04a364ba9bf0610b68b3d3b89,00359_001.jpg,fine-seat,,Single Pack,24exp
359,2,film_box_leaflet,ORWO,Chrom UT21,35mm,100,Unknown,199105,1759071348,c739b4f2daad6f8aa2c605f1e0cb4d94,357b9379dea24d16b611aaf25ccdcd04,00359_002.jpg,fine-seat,,Single Pack,24exp
359,3,film_box_processing_envelope,ORWO,Chrom UT21,35mm,100,Unknown,199105,1759071351,9b674d37ec3e87941ca990536ff1df71,27c54d7248cb4d858c6773bc29ec69a3,00359_003.jpg,fine-seat,,Single Pack,24exp
359,4,film_box_processing_envelope,ORWO,Chrom UT21,35mm,100,Unknown,199105,1759071356,6c0c281f3cea1785706495d964f904da,1340536f2f4b408a9129dea625da8168,00359_004.jpg,fine-seat,,Single Pack,24exp
360,0,film_box_outside,CatLABS,X Film 80 MKII,120,80,BW,202701,1759316896,4d0e90244bd23dac7afbf583cafbed7c,98b415dbd4184372b8568b2b99a1bcd1,00360_000.jpg,lt_col_tall,,Single Pack,N/A
360,1,film_box_inside,CatLABS,X Film 80 MKII,120,80,BW,202701,1759316958,a941032062c44f7025c94b916fef2bf2,aefb75faa42949bb9a8093770ec9fac8,00360_001.jpg,lt_col_tall,,Single Pack,N/A
361,0,film_box_outside,Ilford,Delta 100 Professional,35mm,100,BW,202702,1759421401,83ba5b1f0c44ada081c96be54287abc4,179f22ce3d644d728b189f6ef7a9bf01,00361_000.jpg,kaimon,,Single Pack,36exp
361,1,film_box_inside,Ilford,Delta 100 Professional,35mm,100,BW,202702,1759421403,23a6dac762ab258f9f4f8a380120dbd0,52be7e5732274b03a9a7423e31c12fce,00361_001.jpg,kaimon,,Single Pack,36exp
362,0,film_box_outside,Film Corporation of America,TriFCA 35,35mm,80,Unknown,197608,1759426874,b84b742075133b193978b13adaa9757c,a3346f80db3b4032a2c69665f7448f0a,00362_000.jpg,dekuNukem,,Single Pack,20exp
362,1,film_box_leaflet,Film Corporation of America,TriFCA 35,35mm,80,Unknown,197608,1759426876,6995835e215ce958f8375c7431e1d209,fc5bf25a0e624483a581e4171fb368e1,00362_001.jpg,dekuNukem,,Single Pack,20exp
362,2,film_box_leaflet,Film Corporation of America,TriFCA 35,35mm,80,Unknown,197608,1759426881,dd802f497bc16dc221e654b10a6f9639,ced4b9758b32450183e2359abbb2dd8a,00362_002.jpg,dekuNukem,,Single Pack,20exp
362,3,film_box_processing_envelope,Film Corporation of America,TriFCA 35,35mm,80,Unknown,197608,1759426885,6460fa29226b541a61fdb0464f39f63d,7527ca56668c467386813a8357601289,00362_003.jpg,dekuNukem,,Single Pack,20exp
362,4,film_box_processing_envelope,Film Corporation of America,TriFCA 35,35mm,80,Unknown,197608,1759426888,29313eff2766f784d2ba3791940e9bf1,8c332dbe2d0f4a6389bbcbc8eb93e0aa,00362_004.jpg,dekuNukem,,Single Pack,20exp
362,5,film_box_processing_envelope,Film Corporation of America,TriFCA 35,35mm,80,Unknown,197608,1759426896,f715076be80846d2f2b9913c7dc30cd9,c893ed2ea45f4220b7e8c463a3621b6d,00362_005.jpg,dekuNukem,,Single Pack,20exp
363,0,film_box_outside,PrinzColor,Colour Negative Film,35mm,80,Unknown,197510,1759427023,762bf3d940405dd2bee4e390af547c6c,1d1377fcb4fa495e9f3009a4c69b448c,00363_000.jpg,dekuNukem,,Single Pack,20exp
363,1,film_box_processing_envelope,PrinzColor,Colour Negative Film,35mm,80,Unknown,197510,1759427025,0860494fe98124f50fbbd22b288a8fa8,95f013bdd442471d9258bb0cc8eb77fc,00363_001.jpg,dekuNukem,,Single Pack,20exp
363,2,film_box_processing_envelope,PrinzColor,Colour Negative Film,35mm,80,Unknown,197510,1759427029,c04a71cd5cc74f41eaaff09f698deac7,a29f494b970044eab313b00b12096cf3,00363_002.jpg,dekuNukem,,Single Pack,20exp
363,3,film_box_processing_envelope,PrinzColor,Colour Negative Film,35mm,80,Unknown,197510,1759427032,cd494ba6ef53fa63daccd199b2c6b69d,2672ff6891f14e44b7f3077a501ae234,00363_003.jpg,dekuNukem,,Single Pack,20exp
363,4,film_box_outside,PrinzColor,Colour Negative Film,35mm,80,Unknown,197510,1759427035,0f8742bbd8d0f334045162d1171bdcca,4e513a5356fb4b3e8bbc3b0d6ae62543,00363_004.jpg,dekuNukem,,Single Pack,20exp
364,0,film_box_outside,Polaroid,Image Instant Film,Instant Integral Film,640,Instant,200707,1759500648,966c6da46903d7a21752db097be3d9f0,6a3ab27a3a964d7c9ecc38dbce2fee6d,00364_000.jpg,@ellafridalindblom,,Single Pack,10exp
364,1,film_box_inside,Polaroid,Image Instant Film,Instant Integral Film,640,Instant,200707,1759500650,f51c0c0c8559b521f508c6ea9b96dd5c,c2742bb793f34d90a0365bb82e0160df,00364_001.jpg,@ellafridalindblom,,Single Pack,10exp
365,0,film_box_outside,Kodak,Tri-X 400 Pro,120,400,BW,Unknown,1759500732,5e22c4494aecca3342f729ec6c4b28dc,dd34c2bc1fe34b17b67c6ad002bef05c,00365_000.jpg,@ellafridalindblom,,Multi-Pack-5,N/A
365,1,film_box_inside,Kodak,Tri-X 400 Pro,120,400,BW,Unknown,1759500737,efa1de9cfc77c86a86d2f7b53cf2a170,7cde8a5a159c441f9bad7f7f5d8cba98,00365_001.jpg,@ellafridalindblom,,Multi-Pack-5,N/A
366,0,film_box_outside,Harman,Phoenix II,120,200,C-41,202806,1759680604,b68b0d48d826d0fc2a93ee58cfe1346d,df238026e7c84a89961248cec20737c7,00366_000.jpg,dekuNukem,Chinese version,Single Pack,N/A
366,1,film_box_inside,Harman,Phoenix II,120,200,C-41,202806,1759680605,26c81460ad669c9c04e6fa11c73cab46,fcc0cdbabdd246f7a2de58209827f9c3,00366_001.jpg,dekuNukem,Chinese version,Single Pack,N/A
367,0,film_box_outside,Harman,Phoenix II,35mm,200,C-41,202806,1759680664,8761b7878574fbccaa4bc20004904792,1989020e64ed45108cb6e45a389641d4,00367_000.jpg,dekuNukem,Chinese version,Single Pack,36exp
367,1,film_box_inside,Harman,Phoenix II,35mm,200,C-41,202806,1759680666,1b4265d83fbaa3491963aaecd219701c,32693b43dc864734a3514bada3537ae3,00367_001.jpg,dekuNukem,Chinese version,Single Pack,36exp
368,0,film_box_outside,VEB Fotochemische Werke Berlin,Dekopan Feinkorn,35mm,32,BW,196108,1759681217,a048662e17a18fe6d6d1851e29cf45b1,a26198b637074f36b099870688e7dba0,00368_000.jpg,benikum,,Single Pack,36exp
369,0,film_box_outside,VEB Fotochemische Werke Berlin,Dekopan Super S,35mm,80,BW,196108,1759681258,5fe727689a3c396e8e92d745e1c5710d,da22aec5f8564cd8b34023047f511620,00369_000.jpg,benikum,,Single Pack,36exp
369,1,film_box_inside,VEB Fotochemische Werke Berlin,Dekopan Super S,35mm,80,BW,196108,1759681260,d5ea2dcb14c022d73ce351b94571810c,4220a86f04794b568159c0b119859985,00369_001.jpg,benikum,,Single Pack,36exp
370,0,film_box_outside,Minox,MinoColor 3,8x11mm,100,C-41,198910,1759681491,11fe6f7c971ae95cf4aba317910a0758,a54b7c329f26403d91ffa69325a1d209,00370_000.jpg,Pelicram,,Single Pack,36exp
371,0,film_box_outside,Agfa,Vista Plus 200,35mm,200,C-41,201808,1759778804,33c5d688c9cfdc823902639fb9d00084,ca7affc001374aa882b4c2edd3e8f5f7,00371_000.jpg,@Hol.m35,,Single Pack,24exp
371,1,film_box_inside,Agfa,Vista Plus 200,35mm,200,C-41,201808,1759778853,9b21a1df4fd7d1efba6e9b18bbdb5806,e3caf8b1d9ec4d0495a5908c202bca61,00371_001.jpg,@Hol.m35,,Single Pack,24exp
372,0,film_box_outside,Fujifilm,Superia Premium 400,35mm,400,C-41,202705,1759778927,597732093f9937877a7f66a0a2fd7635,433055f5732e4d53b4245da4dfe0ef1f,00372_000.jpg,@Hol.m35,,Single Pack,36exp
373,0,film_box_outside,Filmfabrik Köpenick,Dekopan Feinkorn,35mm,40,BW,195611,1759862837,16a54b82d671a6a91af39fce390f1c26,60cc4bc5cdde4f79946e61ff1fc81bb7,00373_000.jpg,Pelicram,,Single Pack,36exp
374,0,film_cartridge,Agfa,Isopan ISS,35mm,100,BW,Unknown,1759862916,27a0ad271faba53d1d424b48bdc4183e,25cfa8cb048141e38ed79df6bf38b9d7,00374_000.jpg,Pelicram,,Bulk Roll,5m
375,0,film_cartridge,Ilford,FP3 Series 2,35mm,125,BW,196011,1759862990,39d45ee8a6868d05c5cfcf9383a829d6,bb411872cc384c19b35debf6662503e7,00375_000.jpg,Pelicram,,Bulk Roll,5m
376,0,film_cartridge,Kodak,Plus-X,35mm,Unknown,BW,195801,1759863224,b0b0723f9b07a2e69002bcaa92abc90d,274e94b488d64e3a890da1f77b607958,00376_000.jpg,Pelicram,,Bulk Roll,5m
377,0,film_cartridge,Ilford,FP3,35mm,125,BW,195903,1759863275,67cb56db0820d34947234cf6d0e5b28a,6775b898e26f4b649bd5323259f284f7,00377_000.jpg,Pelicram,,Bulk Roll,5m
378,0,film_cartridge,Kodak,Panatomic-X,35mm,Unknown,BW,195803,1759863400,8ef6a2cbcca6af6c3a47af63e1a4125a,a4dcee02869a4274b81b453160ca7ed1,00378_000.jpg,Pelicram,,Bulk Roll,5m
379,0,film_cartridge,Kodak,Plus-X,35mm,Unknown,BW,195706,1759863438,d8f6abe3963292165e5d1b36f47a4abb,def2a04d52794b00aa61a0b801bdb867,00379_000.jpg,Pelicram,,Bulk Roll,5m
380,0,film_cartridge,Agfa,Agfacolor Umkehr-Ultra T,35mm,Unknown,Unknown,Unknown,1759863586,b753c466991fb6d617730d6b30888697,b79dcd08bc514df3982630e3401f01db,00380_000.jpg,Pelicram,,Single Pack,20exp
381,0,film_box_outside,Kodak,Kodachrome 40 Movie Film (Type A) for Post-process Sound Striping,Super 8,40,K-14,198111,1759872492,8bce60b69ea4edd6b60e66307ff65e5b,4f8758001bd74040b9e5a4bc6506c143,00381_000.jpg,Pelicram,,Single Pack,15m
381,1,film_box_leaflet,Kodak,Kodachrome 40 Movie Film (Type A) for Post-process Sound Striping,Super 8,40,K-14,198111,1759872503,f90d0bbde3b720a0f63c48014f28c668,8364bd18c8c14b8b88fad55c8e0f6c48,00381_001.jpg,Pelicram,,Single Pack,15m
381,2,film_box_leaflet,Kodak,Kodachrome 40 Movie Film (Type A) for Post-process Sound Striping,Super 8,40,K-14,198111,1759872506,f6901724ed7812f3d643ce37f76f3672,afeea97aac0f462b845ed530d90edf14,00381_002.jpg,Pelicram,,Single Pack,15m
381,3,film_cartridge,Kodak,Kodachrome 40 Movie Film (Type A) for Post-process Sound Striping,Super 8,40,K-14,198111,1759872589,5d2f706cecd8954ac00ad9362307fec2,d5614e94dc2b4dfb89e64a7f4e6f369a,00381_003.jpg,Pelicram,,Single Pack,15m
381,4,film_box_processing_envelope,Kodak,Kodachrome 40 Movie Film (Type A) for Post-process Sound Striping,Super 8,40,K-14,198111,1759872595,8458a7f7df9c431be6d21beff782189d,cce11076e2304cd1881905d67a8eb7f5,00381_004.jpg,Pelicram,,Single Pack,15m
381,5,film_box_processing_envelope,Kodak,Kodachrome 40 Movie Film (Type A) for Post-process Sound Striping,Super 8,40,K-14,198111,1759872599,712a3ee3b09bd6b9a1751cc93b22e04a,3d8c3f8d64e6401793eaea69cf7319da,00381_005.jpg,Pelicram,,Single Pack,15m
382,0,film_box_outside,Ilford,HP3,620,400,BW,196902,1760305203,94137d820b5ef0b2541f125320291f09,df6db4a9d0a24f4689647a4ece831afc,00382_000.jpg,dekuNukem,,Single Pack,N/A
382,1,film_box_leaflet,Ilford,HP3,620,400,BW,196902,1760305207,f10286c3b6bb7f6e8a842814c0dec225,5c38e6e7bb004036a0b59661d33a5d8b,00382_001.jpg,dekuNukem,,Single Pack,N/A
382,2,film_box_leaflet,Ilford,HP3,620,400,BW,196902,1760305211,2264ab9fb8dadce7f692f20b31560080,9298339353774799a2918c495d225335,00382_002.jpg,dekuNukem,,Single Pack,N/A
383,0,film_box_outside,Ricoh,"Golden ""16""",16mm,160,BW,196109,1760305315,e9e3a4e766f180f1ea55123630ceb9af,c4263f60ad284b669f5db75e79d2c02c,00383_000.jpg,dekuNukem,,Single Pack,20exp
383,1,film_box_processing_envelope,Ricoh,"Golden ""16""",16mm,160,BW,196109,1760305320,10d7bbe8d808664f8d7a952a365a8664,0bd17a0f246c41b79322a478901003c5,00383_001.jpg,dekuNukem,,Single Pack,20exp
383,2,film_box_processing_envelope,Ricoh,"Golden ""16""",16mm,160,BW,196109,1760305323,673e575a0a31692d7e2e8cb91459fcb1,d99990b484984277a0be54182937d422,00383_002.jpg,dekuNukem,,Single Pack,20exp
383,3,film_box_leaflet,Ricoh,"Golden ""16""",16mm,160,BW,196109,1760305330,c1dadcb384124cc1e23c659157334a91,59c184351d13442dab4fb0f74ddd25ee,00383_003.jpg,dekuNukem,,Single Pack,20exp
383,4,film_box_leaflet,Ricoh,"Golden ""16""",16mm,160,BW,196109,1760305332,8917b892114dbcb9c9549b28873d466d,0d69320f7ded493590d6abb0ea69f750,00383_004.jpg,dekuNukem,,Single Pack,20exp
384,0,film_box_outside,Robot,NR-Cassette,35mm,Unknown,Unknown,Unknown,1760305375,6f151d2663b46c6a239b2101cfc3a1c2,55a2616da3a9456a90f763ed8ac5bc7a,00384_000.jpg,dekuNukem,,Single Pack,N/A
385,0,film_box_outside,Ansco,Plenachrome,120,Unknown,BW,195604,1760305489,d3b91d33e892d416cff2d0f039235da7,39756172435749ed870105a77fa53c6c,00385_000.jpg,dekuNukem,,Single Pack,N/A
386,0,film_box_outside,Ilford,FP4 Plus,120,125,BW,200511,1760305517,28b46ba0c59aee5a80f7fe98e88266ab,da6172ade5c540ee8a25e83586005b36,00386_000.jpg,dekuNukem,,Single Pack,N/A
386,1,film_box_inside,Ilford,FP4 Plus,120,125,BW,200511,1760305524,c0eb06ad9f69db1598445953933ef079,2cf8ba4121a04609a57253eea4e541fa,00386_001.jpg,dekuNukem,,Single Pack,N/A
387,0,film_box_outside,Svema,Foto 64,16mm,64,BW,199204,1760305746,1be1b23852ff6f48488fd5496cf0ca17,0c1f9c9669e6421a9d9ef9ac14b918f8,00387_000.jpg,dekuNukem,,Refill,20exp
388,0,film_box_outside,Walgreen,All Purpose Film,620,80,BW,196701,1760305852,470f12c8c7760206893ca5f0bebec257,ed28012d8a77465898bf1bf978db541b,00388_000.jpg,dekuNukem,,Single Pack,N/A
388,1,film_box_leaflet,Walgreen,All Purpose Film,620,80,BW,196701,1760305862,d0e976e795dbbbdb062e2da5f0f164ba,8bbe0c722eb84948bcdd35b683dca54a,00388_001.jpg,dekuNukem,,Single Pack,N/A
388,2,film_box_leaflet,Walgreen,All Purpose Film,620,80,BW,196701,1760305866,dc81a9dd83209bd94599860fb0521e75,b41e3644f2f6434c807ce95df8c37561,00388_002.jpg,dekuNukem,,Single Pack,N/A
388,3,film_cartridge,Walgreen,All Purpose Film,620,80,BW,196701,1760305871,5583bc3388d82eb25508de26b1faff61,5162cf96587443cead98bdbef85a229c,00388_003.jpg,dekuNukem,,Single Pack,N/A
389,0,film_box_outside,Gevaert,Superchrome,127,Unknown,BW,194701,1760306266,7a605843fbe185a64e71574b0dd9383d,5b7606bb875b4930bafa486534e6af27,00389_000.jpg,dekuNukem,,Single Pack,8exp
390,0,film_box_outside,Kodak,Kodacolor,35mm,32,C-22,195910,1760306498,ec58ea4174e4f73e4612ec40d492b31a,1c8fa96c92974edaa7cbf69b3e535d25,00390_000.jpg,dekuNukem,,Single Pack,20exp
390,1,film_box_leaflet,Kodak,Kodacolor,35mm,32,C-22,195910,1760306499,3672f1a2f15e97b10e9e5014d73b391c,ce169d8c6e8c49b883bf3c1149128398,00390_001.jpg,dekuNukem,,Single Pack,20exp
390,2,film_box_leaflet,Kodak,Kodacolor,35mm,32,C-22,195910,1760306503,808ef18abfe42d441a62766eccd04208,bf8091dc91444595bf58e0b11e2c051c,00390_002.jpg,dekuNukem,,Single Pack,20exp
390,3,film_box_leaflet,Kodak,Kodacolor,35mm,32,C-22,195910,1760306504,af9fab36baad5486db413393d48e2560,c84743c44edd485eb047e566a249609f,00390_003.jpg,dekuNukem,,Single Pack,20exp
390,4,film_box_leaflet,Kodak,Kodacolor,35mm,32,C-22,195910,1760306507,677079930681146441302a124a404042,8e3103da87194d3abc7e557078ad9130,00390_004.jpg,dekuNukem,,Single Pack,20exp
391,0,film_box_outside,Ilford,XP2 Super,120,400,C-41,202611,1760306681,6b3a5ab43612a479d00503cec932e32b,08ab5616c0644099aceffb457b7e484f,00391_000.jpg,kaimon,,Single Pack,N/A
391,1,film_box_inside,Ilford,XP2 Super,120,400,C-41,202611,1760306685,fb286a4d621a01b07631e1560baa3d23,b1a79997109841788a563a01c59c6acc,00391_001.jpg,kaimon,,Single Pack,N/A
392,0,film_box_outside,Ilford,HP5 Plus,120,400,BW,201405,1760349286,b753e78714f01e34dd4ebe67a170ed16,3c726f85acc246d99f3e8c55c4cf072e,00392_000.jpg,@recycling.film,,Single Pack,N/A
392,1,film_box_inside,Ilford,HP5 Plus,120,400,BW,201405,1760349287,5a8b2206dfcbe4f6e824ac9c15b0fbe7,21e61895c4f64c35a0a1ee7f59988917,00392_001.jpg,@recycling.film,,Single Pack,N/A
393,0,film_box_outside,Svema,Foto 32,120,32,BW,199206,1760349426,7aefbd9395d32aad8a91cbdc6fd24ee7,9205929c91ba4c3bbbfacb1b2e678b44,00393_000.jpg,@recycling.film,,Single Pack,N/A
394,0,film_box_outside,ORWO,NP15,120,25,BW,199208,1760349542,1eebaf371d0a846576d8026fdbb603fa,50956257d99f4f24a3ec712e77379a20,00394_000.jpg,@recycling.film,,Single Pack,N/A
394,1,film_box_leaflet,ORWO,NP15,120,25,BW,199208,1760349544,22a0d20ec32e3105bbe41bd918139b39,71624d5686d648ef9411cbed44ed3f49,00394_001.jpg,@recycling.film,,Single Pack,N/A
394,2,film_box_leaflet,ORWO,NP15,120,25,BW,199208,1760349547,797646e9c27406e066ff0caa22d62dc3,2528a0f231cf473597f3d594c67dc803,00394_002.jpg,@recycling.film,,Single Pack,N/A
395,0,film_box_outside,Impossible Project,Color Instant Film for Polaroid SX-70 Type Cameras,Instant Integral Film,160,Instant,201311,1760440128,a27202ce3cfd35dd98d584afb2352cba,0543dd31cf204c8499f5f1e51a9b861c,00395_000.jpg,dekuNukem,,Single Pack,8exp
395,1,film_cartridge,Impossible Project,Color Instant Film for Polaroid SX-70 Type Cameras,Instant Integral Film,160,Instant,201311,1760440130,19e9a96f7d3627d679bde3d2e8d0808f,c8261d3d4696463091c1e946521ba6b8,00395_001.jpg,dekuNukem,,Single Pack,8exp
395,2,film_cartridge,Impossible Project,Color Instant Film for Polaroid SX-70 Type Cameras,Instant Integral Film,160,Instant,201311,1760440133,ae13dd1440e5e5af367d57dd42f851e6,f6f40232e62741eb8bbc5f22f9e38dc8,00395_002.jpg,dekuNukem,,Single Pack,8exp
395,3,film_box_leaflet,Impossible Project,Color Instant Film for Polaroid SX-70 Type Cameras,Instant Integral Film,160,Instant,201311,1760440135,c3e3743e674f30347d1cb3e53db8433a,e0caa1919c6d4af3a5478f7e16c3664d,00395_003.jpg,dekuNukem,,Single Pack,8exp
395,4,film_box_leaflet,Impossible Project,Color Instant Film for Polaroid SX-70 Type Cameras,Instant Integral Film,160,Instant,201311,1760440139,962920b1e18e96e7b7d5b6c10a17c11e,771ae62e2ca14e40a13c15c815d42ff0,00395_004.jpg,dekuNukem,,Single Pack,8exp
395,5,film_box_leaflet,Impossible Project,Color Instant Film for Polaroid SX-70 Type Cameras,Instant Integral Film,160,Instant,201311,1760440140,1f6ef84db823d6fbec5480f5bf33a50c,fe686e709acd4d8eb81aa903bc07d146,00395_005.jpg,dekuNukem,,Single Pack,8exp
395,6,film_box_leaflet,Impossible Project,Color Instant Film for Polaroid SX-70 Type Cameras,Instant Integral Film,160,Instant,201311,1760440142,9fb8d7838b2e140b96cc991cfcb9f6ef,1bb9712c568140bd86d5d2ba361b85c9,00395_006.jpg,dekuNukem,,Single Pack,8exp
396,0,film_box_outside,Lomography,Tiger,110,200,C-41,201509,1760440206,444f40a01a7c7ed0878c228473384730,141712bb8988495d811441f1e5fb5b62,00396_000.jpg,dekuNukem,,Single Pack,24exp
396,1,film_box_inside,Lomography,Tiger,110,200,C-41,201509,1760440209,b64d9ca270e5a340c039139abb4f995d,23cf98004a95479ebb6992d73ee36d36,00396_001.jpg,dekuNukem,,Single Pack,24exp
396,2,film_cartridge,Lomography,Tiger,110,200,C-41,201509,1760440218,6145b95103f3dd6e8418ac4df974a535,9275565ac1d046c5a72f553b7f73e124,00396_002.jpg,dekuNukem,,Single Pack,24exp
397,0,film_box_outside,Minox,MinoColor 100 Pro,8x11mm,100,C-41,Unknown,1760440699,cddabecbb87f2949fdebe43044659aa4,2b69cd822cf44b0a833b845e7b515338,00397_000.jpg,dekuNukem,,Single Pack,30exp
397,1,film_box_outside,Minox,MinoColor 100 Pro,8x11mm,100,C-41,Unknown,1760440701,b6852cf1894917886ea6af1e46119f87,e73e0dd7193c4cfa9b8d4eed881bb328,00397_001.jpg,dekuNukem,,Single Pack,30exp
398,0,film_box_outside,Sharan,Black-and-white Negative Film,8x11mm,100,BW,Unknown,1760441315,a277ffddaf73bc1c612969585fefe02e,f51e641835b543e592ea57ddb0c2a884,00398_000.jpg,dekuNukem,ACMEL embossed on box,Single Pack,30exp
398,1,film_box_outside,Sharan,Black-and-white Negative Film,8x11mm,100,BW,Unknown,1760441323,a19d27c617c457c5f8fb42e781e59653,863a7bdf1a704c8581b85715cfeaf4b6,00398_001.jpg,dekuNukem,ACMEL embossed on box,Single Pack,30exp
398,2,film_box_outside,Sharan,Black-and-white Negative Film,8x11mm,100,BW,Unknown,1760441333,77adc1958b6ceb1b7dcdabf20abb33f2,181802a92d784d7bb55da9b320456623,00398_002.jpg,dekuNukem,ACMEL embossed on box,Single Pack,30exp
398,3,film_box_outside,Sharan,Black-and-white Negative Film,8x11mm,100,BW,Unknown,1760441337,62cf777ab494fb23e30e3c25e30db1ec,aff927d754b94e4a8e02b5db988feb9c,00398_003.jpg,dekuNukem,ACMEL embossed on box,Single Pack,30exp
399,0,film_box_outside,Sharan,Color Negative Film,8x11mm,400,C-41,Unknown,1760441698,650d941cdb2298434267cd945a42127c,52bf2ed6baac480dbc32d05e569f4913,00399_000.jpg,dekuNukem,,Single Pack,30exp
399,1,film_box_outside,Sharan,Color Negative Film,8x11mm,400,C-41,Unknown,1760441699,ef7fa9f79bcaeb1cd83c4cfb875bbe44,9bbddf2ace8b430c87ae445ede2a99f1,00399_001.jpg,dekuNukem,,Single Pack,30exp
399,2,film_box_outside,Sharan,Color Negative Film,8x11mm,400,C-41,Unknown,1760441703,e2caebe236a344ab0587991b1dff839a,b4abaf59baa1429c8085e9f20e115e73,00399_002.jpg,dekuNukem,,Single Pack,30exp
399,3,film_box_outside,Sharan,Color Negative Film,8x11mm,400,C-41,Unknown,1760441705,77650235bd96ef55446b87da9d7d511e,e481850cf5ef471ca1c4d116ca79a5b8,00399_003.jpg,dekuNukem,,Single Pack,30exp
400,0,film_box_outside,Rollei,RPX 25,35mm,25,BW,202707,1760573217,03774f510fa2ec2541699a86f6fc68c9,38e7af3c3ff34abeb7ae0badd310b14c,00400_000.jpg,nick,,Single Pack,36exp
400,1,film_box_inside,Rollei,RPX 25,35mm,25,BW,202707,1760573219,fa94c5d8cb80ea4c254c4a2f271a101c,60733808afbf441da74f97bdd47b9733,00400_001.jpg,nick,,Single Pack,36exp
401,0,film_box_outside,ADOX,CMS 20 II Pro,35mm,20,BW,202710,1760573283,00d33b494984bf28b8e077e86435fa58,092f316a772246018a8de96ebd380bea,00401_000.jpg,nick,,Single Pack,36exp
401,1,film_box_inside,ADOX,CMS 20 II Pro,35mm,20,BW,202710,1760573289,a0a9b285749a9bd587f7fe2d25624279,d255a9a922f64c6da3cb801c7906b63b,00401_001.jpg,nick,,Single Pack,36exp
402,0,film_box_outside,ADOX,CHS 100 II,35mm,100,BW,202707,1760573331,676b894e8dad7722e4ea86e1955e4e47,edb6848680f443f2a73b70b13c028adf,00402_000.jpg,nick,,Single Pack,36exp
402,1,film_box_inside,ADOX,CHS 100 II,35mm,100,BW,202707,1760573334,7ce2a52de1ee88296abc457a59a77cae,e08156a89f334bd785397e498b9710f7,00402_001.jpg,nick,,Single Pack,36exp
403,0,film_box_outside,Svema,Foto 64,35mm,64,BW,Unknown,1760697295,f074fc25641e43830bc1094db2ac8675,e783964d8b4f48e8bd12d7d2c3c510cb,00403_000.jpg,@recycling.film,,Single Pack,36exp
404,0,film_box_outside,Fujifilm,Fujicolor Super HG,35mm,400,C-41,199212,1760697365,9f2279443d587980c9364bfea3a34632,90ac1c8117ef41d291bedc89cc65feb7,00404_000.jpg,@recycling.film,,Single Pack,24exp
404,1,film_box_inside,Fujifilm,Fujicolor Super HG,35mm,400,C-41,199212,1760697366,3ecb0b3594768d6025d8d33c8b60b448,d40e2c7220b94e2988936a7b4137a6cf,00404_001.jpg,@recycling.film,,Single Pack,24exp
405,0,film_box_outside,Svema,Foto 32,35mm,32,BW,199307,1760697633,12f5d31745c68c9c9fc7e0c29f5ec929,64289ff9fd4b4e589c5654a044dbd1fd,00405_000.jpg,@recycling.film,,Refill,36exp
406,0,film_box_outside,Nishika,Color Print Film,35mm,100,C-41,199312,1760697742,2a5a3caace822e238c465a2a28ea7b93,c8f31c7a1adf423bbc4d35eae399baeb,00406_000.jpg,@recycling.film,,Single Pack,36exp
407,0,film_cartridge,GAF,Color Slide Film,35mm,500,Unknown,197901,1760697843,d8177988f4f70468bf0f4970fa61f5d5,b57e8c465ff94e02afa31d267b846815,00407_000.jpg,@recycling.film,,Single Pack,20exp
408,0,film_box_outside,ORWO,Chrom UT18,35mm,50,Unknown,Unknown,1760698227,a669553f6fb9efb54d6fba4b4235e51f,d82a8047531f4e4bbdfe4c0bb95c81b7,00408_000.jpg,@recycling.film,,Single Pack,36exp
408,1,film_box_leaflet,ORWO,Chrom UT18,35mm,50,Unknown,Unknown,1760698230,4397a7d2fd3c51695e394da9795d42e1,1515034bddc345419da08ea6a497ee34,00408_001.jpg,@recycling.film,,Single Pack,36exp
408,2,film_box_leaflet,ORWO,Chrom UT18,35mm,50,Unknown,Unknown,1760698232,45c539d3aa101ccd46610183666a682d,062fdd558f6c48fda2979f72c7443cad,00408_002.jpg,@recycling.film,,Single Pack,36exp
408,3,film_box_processing_envelope,ORWO,Chrom UT18,35mm,50,Unknown,Unknown,1760698234,5782dbbc009e5deaec752329e5ac2800,acc4b02a5b2d422ebda7149636e817b3,00408_003.jpg,@recycling.film,,Single Pack,36exp
408,4,film_box_processing_envelope,ORWO,Chrom UT18,35mm,50,Unknown,Unknown,1760698237,7bec9440e18c3c73eed0d3bd2f013446,437046f79d2141bfb2af8247bc1a6ba3,00408_004.jpg,@recycling.film,,Single Pack,36exp
409,0,film_box_outside,Ilford,XP2,35mm,400,C-41,199410,1760698707,de6e6a9bcc39473443e7dccb4b3907ed,bc6e58d62eb34ad6a54ea8d4ac877d94,00409_000.jpg,@recycling.film,,Single Pack,20exp
409,1,film_box_leaflet,Ilford,XP2,35mm,400,C-41,199410,1760698709,e422f41d415342fbd85b38b9686576fc,bdd3a188431042dabb560e85287b517a,00409_001.jpg,@recycling.film,,Single Pack,20exp
409,2,film_box_leaflet,Ilford,XP2,35mm,400,C-41,199410,1760698963,247d051115148904f66cb07149bce580,94aea5ecf4ab4e74b8e7205d7912c232,00409_002.jpg,@recycling.film,,Single Pack,20exp
410,0,film_box_outside,Kodak,Tri-X Pan,35mm,400,BW,197912,1760705132,b68268d589f4aacd8b75989608a19b77,09363ad5ddf84f67bb44ac27d17c85e9,00410_000.jpg,@recycling.film,,Single Pack,20exp
411,0,film_box_outside,Kodak,Super-XX,616,Unknown,BW,194301,1760705321,dbc1dcb4318753624e9b492999e68a5d,ec96eb9587cf4485a00f2af323eb07c8,00411_000.jpg,@recycling.film,,Single Pack,8exp
412,0,film_box_outside,Perfect Photo Inc.,Perfect-Pan Film,120,125,BW,196410,1760705549,345b3bde8eac4b0e283c2c99552c5db8,4eb2d274d28c41339ad3bd385476c214,00412_000.jpg,@recycling.film,,Single Pack,N/A
412,1,film_box_leaflet,Perfect Photo Inc.,Perfect-Pan Film,120,125,BW,196410,1760705556,b619c600c5011d1cf640b17515874fe8,da91308a6c3a42d4b6665e82ee0ab24c,00412_001.jpg,@recycling.film,,Single Pack,N/A
412,2,film_box_leaflet,Perfect Photo Inc.,Perfect-Pan Film,120,125,BW,196410,1760705558,e41a9ee362515720eccefdd8310b9e0f,8ceb71b4c7204eda9fe3eac689142058,00412_002.jpg,@recycling.film,,Single Pack,N/A
413,0,film_box_outside,Foma,Fomapan F17,120,40,BW,199101,1760705891,5545ad4d2ba4ce102602c9c777d036a4,0315635e32bb4848aaa2fe65ac7aa10e,00413_000.jpg,@recycling.film,,Single Pack,N/A
413,1,film_box_leaflet,Foma,Fomapan F17,120,40,BW,199101,1760705897,f8e4f6b527a7f23d1517a950269d28e5,3c4f8b9bb3e74d20b67ac3611475608f,00413_001.jpg,@recycling.film,,Single Pack,N/A
413,2,film_box_leaflet,Foma,Fomapan F17,120,40,BW,199101,1760705904,db084c898bcc1ea832151ce6e6b8b2ad,9db2e6deb48a408e8848fa333255036a,00413_002.jpg,@recycling.film,,Single Pack,N/A
414,0,film_box_outside,Kodak,Ektachrome 64,35mm,64,E-6,198607,1760706115,741b0d72ebf994ac1cf9fc1d8f6078c5,61a248ee92404ad7bcf1a19adbf102cc,00414_000.jpg,@recycling.film,EPR,Single Pack,36exp
414,1,film_box_leaflet,Kodak,Ektachrome 64,35mm,64,E-6,198607,1760706116,d67e654cce9d4d7255dc4ea209032902,66aac838de9b4f4091acb02215e8b890,00414_001.jpg,@recycling.film,EPR,Single Pack,36exp
414,2,film_box_leaflet,Kodak,Ektachrome 64,35mm,64,E-6,198607,1760706120,839d9868f10b9918d48434784c71adee,ee61648a19bd4eaea584f3931618f488,00414_002.jpg,@recycling.film,EPR,Single Pack,36exp
415,0,film_box_outside,Ilford,FP4,35mm,125,BW,198302,1760706245,70b4f81d310cf6491a6abb068de3a542,68eb8a227e8b48358efc62cf7aabb2f0,00415_000.jpg,@recycling.film,,Single Pack,20exp
416,0,film_box_outside,ADOX,KB 17,35mm,32,BW,195807,1760706328,fd17f2b604ebf2d8b915cb5320198f46,ee054df9bf0f4ad09ef142c01c2788a5,00416_000.jpg,@recycling.film,,Single Pack,20exp
417,0,film_box_outside,Agfa,AgfaChrome 50 S,35mm,50,AP41,198107,1760706508,a1a378d9e473615e9b713bbf62e07658,364274d1357d458eacedde84db8a71a8,00417_000.jpg,@recycling.film,,Single Pack,36exp
417,1,film_box_leaflet,Agfa,AgfaChrome 50 S,35mm,50,AP41,198107,1760706537,9ee8854bae7c54c02b042c5be3e19f43,ad0043191aad463eafef428fdd9383d5,00417_001.jpg,@recycling.film,,Single Pack,36exp
417,2,film_box_leaflet,Agfa,AgfaChrome 50 S,35mm,50,AP41,198107,1760706540,d19cb3116dee47c7eb5dfe4aa357cbf5,92c015c82f4345438875b286887a584d,00417_002.jpg,@recycling.film,,Single Pack,36exp
418,0,film_box_outside,Agfa,Agfacolor Negative Film Special CNS,35mm,80,CNS,197609,1760708691,330762f9e9f9b52b2c3b43a593bd8670,1cf0e26c5894469ebdbd94e104c89b03,00418_000.jpg,@recycling.film,,Single Pack,20exp
418,1,film_box_leaflet,Agfa,Agfacolor Negative Film Special CNS,35mm,80,CNS,197609,1760708692,91805a88ed1fba6ded73ecfb5fcfe076,75c37ed61c3d4b04be3c432a2a80c21e,00418_001.jpg,@recycling.film,,Single Pack,20exp
418,2,film_box_leaflet,Agfa,Agfacolor Negative Film Special CNS,35mm,80,CNS,197609,1760708699,b0aa76d6d7f3a83074582dc60cd11f6d,47363e4b17894d5d99a8c39dfdf981db,00418_002.jpg,@recycling.film,,Single Pack,20exp
419,0,film_box_outside,Perutz,Peromnia 21,35mm,100,BW,196103,1760725980,e185e99fe5a550fa11b46dbd3a46d79e,05554da8891c470facbddfd5fe35fa4a,00419_000.jpg,@recycling.film,,Single Pack,20exp
420,0,film_box_outside,Perutz,Perpantic Film,120,40,BW,194712,1760726258,0d6fb8a049170c25369096ea36d99bbb,795c66ef065f442ab27e4ffb9de758b1,00420_000.jpg,@recycling.film,,Single Pack,N/A
422,0,film_box_outside,Lomography,Lobster Redscale Negative,110,200,C-41,201510,1761044420,15e44ef33b751d79b43a8dbf76888721,bfb2bdd4749b474f8fe1f971f2a14dcd,00422_000.jpg,dekuNukem,,Single Pack,24exp
422,1,film_box_inside,Lomography,Lobster Redscale Negative,110,200,C-41,201510,1761044422,a758a664ce919f1bd8fb2c41cec9a42e,e5403e7603b24ed995890c4faa3ab25b,00422_001.jpg,dekuNukem,,Single Pack,24exp
423,0,film_box_outside,Kodak,Ektachrome-X,620,64,E-4,197102,1761044530,611442af60ce9b6d771c99ace33edfe4,769ecaf549984530942ed4b96e1dc057,00423_000.jpg,dekuNukem,,Single Pack,N/A
423,1,film_box_leaflet,Kodak,Ektachrome-X,620,64,E-4,197102,1761044533,ae6fa37e8c81ebd6ed8416a6d80722a2,2708b5dd22794189a31d5bf789bd32be,00423_001.jpg,dekuNukem,,Single Pack,N/A
423,2,film_box_leaflet,Kodak,Ektachrome-X,620,64,E-4,197102,1761044536,8542cb09a1b78a3a16e52bb2c8d695cc,9fef42045e314c30a39c59e90b9e457e,00423_002.jpg,dekuNukem,,Single Pack,N/A
424,0,film_box_outside,Kodak,Plus-X,35mm,50,BW,195102,1761044784,95517c4aba3ea6b4c413a52d38e84cd4,bcad57bbd65146fbb2bdcf9fc79a4b73,00424_000.jpg,dekuNukem,,Single Pack,20exp
424,1,film_box_leaflet,Kodak,Plus-X,35mm,50,BW,195102,1761044786,a713ca462278a3019308ba15225bbe46,cdd61b019a054a4d86f52daeeac8de52,00424_001.jpg,dekuNukem,,Single Pack,20exp
424,2,film_box_leaflet,Kodak,Plus-X,35mm,50,BW,195102,1761044794,e4bc17523d56f4fa6228fc598c4a0d65,55cbb2fe9f184b828a171a1dafd8e2da,00424_002.jpg,dekuNukem,,Single Pack,20exp
425,0,film_box_outside,Northwest Custom Film Processing,Ultra Minituature Film,Unknown,64,Unknown,Unknown,1761045067,da8f1809b7b0d13b57fb35e56bc4d1c9,e01d49f304864a7d95976d57624370b1,00425_000.jpg,dekuNukem,"There was a roll of 127 ekfe R100 inside, not sure if it's the original, or someone put it there afterwards.",Single Pack,20exp
425,1,film_box_processing_envelope,Northwest Custom Film Processing,Ultra Minituature Film,Unknown,64,Unknown,Unknown,1761045069,9d1f2d66c1b092fb6aadb1ac1867cf4f,273b6c40428c40acb9fee444125a0426,00425_001.jpg,dekuNukem,"There was a roll of 127 ekfe R100 inside, not sure if it's the original, or someone put it there afterwards.",Single Pack,20exp
425,2,film_box_processing_envelope,Northwest Custom Film Processing,Ultra Minituature Film,Unknown,64,Unknown,Unknown,1761045075,8dbafe9e425285f0c949219db17c180b,adc9a88efca146d687fba7dcb75501f0,00425_002.jpg,dekuNukem,"There was a roll of 127 ekfe R100 inside, not sure if it's the original, or someone put it there afterwards.",Single Pack,20exp
426,0,film_box_outside,efke,R100,127,100,BW,199601,1761045292,5dce51769987ba9b581a3a64683e514b,686490575de4412b9309d5d797af10ad,00426_000.jpg,dekuNukem,,Single Pack,N/A
426,1,film_box_leaflet,efke,R100,127,100,BW,199601,1761045293,2544bbe04493504614113fefb65978e7,17e8ec86380144999ee0f93c6799030d,00426_001.jpg,dekuNukem,,Single Pack,N/A
426,2,film_box_leaflet,efke,R100,127,100,BW,199601,1761045296,345a1e0889b118120941a01acf6c4121,77788e6b682e47e089804190aecc56b7,00426_002.jpg,dekuNukem,,Single Pack,N/A
427,0,film_box_outside,Triple-Print Film Labs,Color Negative Film,127,80,Unknown,197602,1761045529,ee11c31e4f55314e329b433ee28124d6,25dfa3f80baf4a72ac548c507f8088e6,00427_000.jpg,dekuNukem,Division of Film Corporation of America,Single Pack,N/A
427,1,film_box_leaflet,Triple-Print Film Labs,Color Negative Film,127,80,Unknown,197602,1761045531,f15d112194f0c11e5779eeda239d9ac5,9047ef27d1be40198e23acb1b7adba39,00427_001.jpg,dekuNukem,Division of Film Corporation of America,Single Pack,N/A
427,2,film_box_leaflet,Triple-Print Film Labs,Color Negative Film,127,80,Unknown,197602,1761045534,612637c2ca29119f963115d80cd33c5d,e76e6347947f40ba97b0e11522ce7144,00427_002.jpg,dekuNukem,Division of Film Corporation of America,Single Pack,N/A
428,0,film_box_outside,Agfa,CT Precisa 100,35mm,100,E-6,200809,1761045809,ee10af4cd25eefe344aaaaa536d54465,087e9a1b5cc7447dbd0b7d5b81c9bc36,00428_000.jpg,dekuNukem,,Single Pack,36exp
428,1,film_box_inside,Agfa,CT Precisa 100,35mm,100,E-6,200809,1761045812,4893ebfcac4c2fde34805d9864a0d04b,ae783a67ce214185b13ee707c56dad58,00428_001.jpg,dekuNukem,,Single Pack,36exp
429,0,film_box_outside,Gevaert,Infra-R,120,Unknown,BW,Unknown,1761045935,a3821b1b22a2a5a13da8943ab2336727,5700b2c507254c36ac9b05eabf04fc88,00429_000.jpg,dekuNukem,,Single Pack,N/A
430,0,film_box_outside,Kodak,Verichrome,122,Unknown,BW,195109,1761046076,262b284a7d3a0a2e0347c3e2c12b891b,adf90d5a8c2b4ad6ba1b6524bf00c9c2,00430_000.jpg,dekuNukem,,Single Pack,6exp
431,0,film_box_outside,Kodak,Gold,110,400,C-41,200201,1761046133,e1ccb9b2151804b61ab6df736f36b78f,f4719f9b5e534dbba19c194da39abdd5,00431_000.jpg,dekuNukem,,Single Pack,12exp
432,0,film_box_outside,Gevaert,Gevachrome 30,122,40,BW,195710,1761046306,78ca9cacfae07e807a01acf897ad8c71,4cce875d701d4fd4b1d28353305ac0e3,00432_000.jpg,dekuNukem,30 most likely is European Scheiner film speed,Single Pack,6exp
433,0,film_box_outside,Kodak,Verichrome Pan,122,Unknown,BW,196203,1761046395,b7a1cc3d6bdfaf9baddd191be457caf2,c17a688403b646e6aebd74e8ec357984,00433_000.jpg,dekuNukem,,Single Pack,6exp
434,0,film_box_outside,Famous Brand Labs,Color Negative Film,127,64,Unknown,197106,1761046660,c6ff87f92e511fd42266bd6e6726415a,1c73b3f95ae14be5ab9a506ac83a0cd6,00434_000.jpg,dekuNukem,,Single Pack,N/A
434,1,film_box_leaflet,Famous Brand Labs,Color Negative Film,127,64,Unknown,197106,1761046662,7df64e15e5a65577a5afa59222927e1a,c36b6fd7f2b84c8c804db6b318563ece,00434_001.jpg,dekuNukem,,Single Pack,N/A
434,2,film_box_leaflet,Famous Brand Labs,Color Negative Film,127,64,Unknown,197106,1761046665,2abfd18a2e4d034de5241ec69185f632,f1b06cc535f346edbc6c46be4b11c79a,00434_002.jpg,dekuNukem,,Single Pack,N/A
435,0,film_box_outside,efke,R100,127,100,BW,199809,1761046779,66c05c78bdbde876bff8d15c8ba783e0,fc90db41b94d486491177a8407f1100d,00435_000.jpg,dekuNukem,,Single Pack,N/A
435,1,film_box_leaflet,efke,R100,127,100,BW,199809,1761046780,c073604de6e3a03ad4de0680970bb76e,877813b4c98d406b8739c4310f0116a8,00435_001.jpg,dekuNukem,,Single Pack,N/A
435,2,film_box_leaflet,efke,R100,127,100,BW,199809,1761046784,e688e44e0eeafa06c24b36eac109352b,fb3873078df9491491a4ff63374d80d2,00435_002.jpg,dekuNukem,,Single Pack,N/A
436,0,film_box_outside,Ilford,Selochrome,120,160,BW,196509,1761046964,d12a4091ef76ec89a817b49b3e3ca24a,f085080d08414582a703e7a1982df534,00436_000.jpg,dekuNukem,,Single Pack,N/A
436,1,film_box_leaflet,Ilford,Selochrome,120,160,BW,196509,1761046965,e5f8dfdf0a6c72574e171aed1bd77f61,71077f96d6e74825b04d8c7b1a3a29b2,00436_001.jpg,dekuNukem,,Single Pack,N/A
436,2,film_box_leaflet,Ilford,Selochrome,120,160,BW,196509,1761046968,e22b8862d32957c0120a317431d9b5f0,aa3d982c74984e12b6a621205250c1d5,00436_002.jpg,dekuNukem,,Single Pack,N/A
437,0,film_box_outside,Agfa,Isopan IF Rapid,35mm,40,BW,196902,1761047495,f1fcf0d348967934af4e213f2a25c8e3,2eb6c6a9aa784c2e871b7edd33fb5962,00437_000.jpg,dekuNukem,,Single Pack,Unknown
437,1,film_box_leaflet,Agfa,Isopan IF Rapid,35mm,40,BW,196902,1761047497,7be73fca763f6521d3629f52aafb1b9f,4a001e5fb1774942933060bd00e6c6ef,00437_001.jpg,dekuNukem,,Single Pack,Unknown
437,2,film_box_leaflet,Agfa,Isopan IF Rapid,35mm,40,BW,196902,1761047499,96d37c522afafeeb74bd4085b9b6dbd9,6ca26308da0547e3bb8ffee5cffdd94e,00437_002.jpg,dekuNukem,,Single Pack,Unknown
438,0,film_box_outside,Minox,Minocolor 2,8x11mm,80,C-41,198109,1761047605,e62ca4169210b2b216a93f0cff0b4c34,5ee281ded82c46e5b628a58b9f10fadd,00438_000.jpg,dekuNukem,,Single Pack,15exp
438,1,film_box_leaflet,Minox,Minocolor 2,8x11mm,80,C-41,198109,1761047607,174ca6f8c8aebffc6353ea86029643b8,1590803fe8d045a480338838a869647e,00438_001.jpg,dekuNukem,,Single Pack,15exp
438,2,film_box_leaflet,Minox,Minocolor 2,8x11mm,80,C-41,198109,1761047610,78d844b64aaf23c989eb1b2bcf866ded,dc750856812b447eaa0debe4122808ac,00438_002.jpg,dekuNukem,,Single Pack,15exp
439,0,film_box_outside,Agfa,Agfacolor Special Negative Film CN S,120,80,Unknown,197101,1761047877,7b10fc8f2b4f845f4aeb0500ae786649,2e99ee5a9888408093d6983ed9871e83,00439_000.jpg,dekuNukem,,Single Pack,Unknown
439,1,film_box_leaflet,Agfa,Agfacolor Special Negative Film CN S,120,80,Unknown,197101,1761047879,569ea334e02a86ac94635f0473af9115,019691600c184b2e8e1128dc6207790f,00439_001.jpg,dekuNukem,,Single Pack,Unknown
439,2,film_box_leaflet,Agfa,Agfacolor Special Negative Film CN S,120,80,Unknown,197101,1761047880,056fcfd37f95c263bd1a79fe590292e8,7950cdc041654b77a36cee356ebc02b8,00439_002.jpg,dekuNukem,,Single Pack,Unknown
440,0,film_box_outside,Kodak,Kodacolor Gold 400,110,400,C-41,199009,1761047978,3f1ab23f2d45872324c3dc88e6c6b0c2,9d06405332c04b80b8b6ec709131473d,00440_000.jpg,dekuNukem,,Single Pack,24exp
441,0,film_box_outside,Kodak,Kodachrome II,828,25,K-14,196801,1761048111,7708ae1bf266a4de9cc963b67d49cddb,b9c0bacb3ac64fc6bb46b1e728710982,00441_000.jpg,dekuNukem,,Single Pack,12exp
441,1,film_box_leaflet,Kodak,Kodachrome II,828,25,K-14,196801,1761048113,420262c9bab9cfd175170ce3e520b8e7,9f37569423ef4a36aa7a1c15976f0b2e,00441_001.jpg,dekuNukem,,Single Pack,12exp
441,2,film_box_leaflet,Kodak,Kodachrome II,828,25,K-14,196801,1761048116,291add1cb2c3449519fd8afffd430624,54a70d5cac414623925c05d402aa1df7,00441_002.jpg,dekuNukem,,Single Pack,12exp
441,3,film_box_processing_envelope,Kodak,Kodachrome II,828,25,K-14,196801,1761048119,a14fc1063376ab0bbcd0b3d8e37efa43,60d2979073e4417c9511260b6d004d8c,00441_003.jpg,dekuNukem,,Single Pack,12exp
441,4,film_box_processing_envelope,Kodak,Kodachrome II,828,25,K-14,196801,1761048123,069ee4f168bc4b71c49cadae0210d91f,b776358cf6654afc867da7efc26e681b,00441_004.jpg,dekuNukem,,Single Pack,12exp
442,0,film_box_outside,Kodak,Gold,620,200,C-41,199608,1761048242,688af5c7a83ed250013bce9c74eae05f,92c51161259045d5b726e32fa4ee1962,00442_000.jpg,dekuNukem,,Single Pack,Unknown
442,1,film_box_leaflet,Kodak,Gold,620,200,C-41,199608,1761048243,45fdb185b4bd7b1f41f1c1ab068c8655,51e0c8950d164f8a985b46fe1b0e5f8b,00442_001.jpg,dekuNukem,,Single Pack,Unknown
443,0,film_box_outside,Kodak,Verichrome,616,Unknown,BW,194702,1761048300,7d62129c542d5b5f03ea8015d0c95f51,a7d5a1c6923e4090b91381a1c853e465,00443_000.jpg,dekuNukem,,Single Pack,8exp
444,0,film_box_outside,Agfa,Agfacolor Reversal Film CK,35mm,80,Unknown,196903,1761048769,a82d587edb317f2facc36219e3b6ee7c,9129d9db8e114656a58fd2a422b43502,00444_000.jpg,dekuNukem,,Single Pack,36exp
444,1,film_box_leaflet,Agfa,Agfacolor Reversal Film CK,35mm,80,Unknown,196903,1761048770,370c0cca3352fca0088281052e9163db,5d631a69e3e048208c70ec8f859c6045,00444_001.jpg,dekuNukem,,Single Pack,36exp
444,2,film_box_leaflet,Agfa,Agfacolor Reversal Film CK,35mm,80,Unknown,196903,1761048771,a38ae4aeb4cefa8b72a2922075c75c9f,68d8ba930ba94a23bcc2c63cd9eb85d0,00444_002.jpg,dekuNukem,,Single Pack,36exp
444,3,film_box_leaflet,Agfa,Agfacolor Reversal Film CK,35mm,80,Unknown,196903,1761048773,f4104f8b09acf8c6a78e3efc1a2c6036,704456920a9943f6bb8a6527d730503c,00444_003.jpg,dekuNukem,,Single Pack,36exp
444,4,film_box_leaflet,Agfa,Agfacolor Reversal Film CK,35mm,80,Unknown,196903,1761048775,fba324960b85032255a62b6f04856b3d,d777eafbaf03482ca3766210fa8d0e47,00444_004.jpg,dekuNukem,,Single Pack,36exp
444,5,film_box_leaflet,Agfa,Agfacolor Reversal Film CK,35mm,80,Unknown,196903,1761048776,f9a799e9652790d2798ae3c277125d7c,38c2b3a21696430db60ee99a8c55eb0b,00444_005.jpg,dekuNukem,,Single Pack,36exp
444,6,film_box_processing_envelope,Agfa,Agfacolor Reversal Film CK,35mm,80,Unknown,196903,1761048778,1f0e7b2281a246672b2ae9e284f058ae,accd90cdf18945939b51da0450c76fa7,00444_006.jpg,dekuNukem,,Single Pack,36exp
444,7,film_box_processing_envelope,Agfa,Agfacolor Reversal Film CK,35mm,80,Unknown,196903,1761048780,9f32bf981cc2a4ccff6433e9ca826e0f,c4b98fe88f5144df9629f289423fe72e,00444_007.jpg,dekuNukem,,Single Pack,36exp
445,0,film_box_outside,Great Films Processing,Kodachrome,35mm,Unknown,K-14,Unknown,1761048929,2569719bdc6b68fa576d73d55ec0818b,0f14cf86439a4009a252f730c308c012,00445_000.jpg,dekuNukem,,Single Pack,20exp
445,1,film_box_processing_envelope,Great Films Processing,Kodachrome,35mm,Unknown,K-14,Unknown,1761048934,73969cf557249ded128468b5def1f87e,4080798f7349471c9bc69513abf6b36e,00445_001.jpg,dekuNukem,,Single Pack,20exp
445,2,film_box_processing_envelope,Great Films Processing,Kodachrome,35mm,Unknown,K-14,Unknown,1761048938,639333e9f162cb2249b5145a14816c42,3d6c1f5381464108a2758a210b1223f5,00445_002.jpg,dekuNukem,,Single Pack,20exp
445,3,film_box_processing_envelope,Great Films Processing,Kodachrome,35mm,Unknown,K-14,Unknown,1761048941,78fdeb9dd698735f1d0fe4d9d7a060e5,f8c3bdcd064b46b6b5cf8d32372e6e6f,00445_003.jpg,dekuNukem,,Single Pack,20exp
446,0,film_box_outside,Kodak,Kodacolor II,620,100,C-41,197908,1761049115,5988aa3818cf23e65879bacdd45df923,251b2a7fd42343e6b655b100794bb19e,00446_000.jpg,dekuNukem,,Single Pack,Unknown
446,1,film_box_leaflet,Kodak,Kodacolor II,620,100,C-41,197908,1761049117,8855e5f0db5ceaa78e8c301a757828e8,51b3490951d941be9922c1bf261a5551,00446_001.jpg,dekuNukem,,Single Pack,Unknown
446,2,film_box_leaflet,Kodak,Kodacolor II,620,100,C-41,197908,1761049119,6b6ee425a74a7739e3ede41c85fa54ba,51a30e2c83294d4b858bef55f6a66d21,00446_002.jpg,dekuNukem,,Single Pack,Unknown
447,0,film_box_outside,Agfa,Isopan IF Rapid,35mm,40,BW,197601,1761049236,2a521ae309c9a7ee36be4566346d9d28,f8785e8bcd5748aeb847c3f6b2d62b99,00447_000.jpg,dekuNukem,,Single Pack,Unknown
448,0,film_box_outside,Agfa,Isopan ISS Rapid,35mm,100,BW,198007,1761049280,f32dcfe5bd88ee97620bba455328b484,d90937332f0a4392adb1f344b5ba3aee,00448_000.jpg,dekuNukem,,Single Pack,Unknown
449,0,film_box_outside,Agfa,Isopan ISS Rapid,35mm,100,BW,197401,1761049321,e95660da724022ed85b98d23b937af85,3b6a16ff2678454590c574c2fd969799,00449_000.jpg,dekuNukem,,Single Pack,Unknown
450,0,film_box_outside,Optik Oldschool,OptiColour 200,120,200,C-41,Unknown,1761230378,308fc424d76e62b6b608fa01fcea8e61,f0bf478daf444011b6ee52954d9f80d7,00450_000.jpg,@Hol.m35,preproduction package,Single Pack,N/A
451,0,film_box_outside,Perutz,Peromnia 21,127,100,BW,196309,1761356710,31052f8bea21104ad243392acefc5ad1,931cd13271f74ddf96233e783ea9bf2a,00451_000.jpg,dekuNukem,,Single Pack,N/A
452,0,film_box_outside,Famous Brand Labs,Color Negative Film,127,80,Unknown,197008,1761356943,5af48806688f91e4e6fd14b9dd2f66ea,60accb18d36a4358b857d58e5f91b271,00452_000.jpg,dekuNukem,Made in Belgium,Single Pack,N/A
452,1,film_box_leaflet,Famous Brand Labs,Color Negative Film,127,80,Unknown,197008,1761356947,7a21827d85dc2d68f5cce001be483e04,446f576effb34b8c9697e27a7dcbd109,00452_001.jpg,dekuNukem,Made in Belgium,Single Pack,N/A
452,2,film_box_leaflet,Famous Brand Labs,Color Negative Film,127,80,Unknown,197008,1761356954,866e5c6fae0c187ba9a076964e88cf6a,853499e631474d46b5d2d65e937f6ebd,00452_002.jpg,dekuNukem,Made in Belgium,Single Pack,N/A
453,0,film_box_outside,Kodak,Kodacolor 100,35mm,100,C-41,202709,1761436091,9b1e386893ace0db36dffc06b8270643,930ee2c830af4f0a957649764d5873e0,00453_000.jpg,minidiscus,,Single Pack,36exp
454,0,film_box_outside,Kodak,Tri-X Pan,12x16.5cm,320,BW,197509,1761570559,fb4ff9795cffe5aaa19d972301479095,2210a8e9fb4c400d8258a652aaba6608,00454_000.jpg,@ellafridalindblom,Estar Thick Base 4164,Single Pack,25 Sheets
454,1,film_box_outside,Kodak,Tri-X Pan,12x16.5cm,320,BW,197509,1761570561,259df5cd4d32a593f6de2098ef0d1ad9,8c0dda70e6d44bde9777605dc13cf00f,00454_001.jpg,@ellafridalindblom,Estar Thick Base 4164,Single Pack,25 Sheets
454,2,film_box_outside,Kodak,Tri-X Pan,12x16.5cm,320,BW,197509,1761570563,6e93aa15cb75151f33e95806b3b47c80,4f0a47ed8f2a4625956d3e2255b35bd1,00454_002.jpg,@ellafridalindblom,Estar Thick Base 4164,Single Pack,25 Sheets
455,0,film_box_outside,Ilford,HP3,Unknown,200,BW,Unknown,1761570738,daa94abb03f3eeed96bffdf2bc96dfa3,dbfd040081714492bd8bcc80d496ae35,00455_000.jpg,@ellafridalindblom,,Single Pack,Unknown
456,0,film_box_outside,Agfa,Isopan Portrait,12x16.5cm,80,BW,194709,1761570871,60f8a17ada27539d616d872dbdc00bfe,08e940883895476d8de94bc5137419b5,00456_000.jpg,@ellafridalindblom,,Single Pack,Unknown
457,0,film_box_outside,Gevaert,Studio Film,12x16.5cm,Unknown,BW,Unknown,1761570956,6d00bcf1b9de577658e139d91023d4fc,e585128e844941a98145d4fca88075f9,00457_000.jpg,@ellafridalindblom,Muster Matt,Single Pack,Unknown
458,0,film_box_outside,Kodak,Super-XX,12x16.5cm,80,BW,Unknown,1761571177,a484c6b08070b3bbe3d86129cef81f73,098d684d4be64821a80474b771d8e684,00458_000.jpg,@ellafridalindblom,,Single Pack,24 Sheets
458,1,film_box_outside,Kodak,Super-XX,12x16.5cm,80,BW,Unknown,1761571179,d64d350aba3df11431ca2994d5bf6b0d,9ab3d1a84be64e17bf9e78b59ddee3f3,00458_001.jpg,@ellafridalindblom,,Single Pack,24 Sheets
458,2,film_box_outside,Kodak,Super-XX,12x16.5cm,80,BW,Unknown,1761571182,af9f7b90826132b9b71936892dd174bf,bd0852f5b5964fda80affbb0d7b002fc,00458_002.jpg,@ellafridalindblom,,Single Pack,24 Sheets
459,0,film_box_outside,Kodak,Super-sensitive Panchromatic Films,12x16.5cm,Unknown,BW,Unknown,1761598366,17b02b833eddb7a905d4503036508663,56136448523d428b88330cf0427221a0,00459_000.jpg,@ellafridalindblom,Nitrate base,Single Pack,12 Sheets
459,1,film_box_outside,Kodak,Super-sensitive Panchromatic Films,12x16.5cm,Unknown,BW,Unknown,1761598368,3a79e92f09d3610b4ae1a0a530db38fa,c685c5c86b864b4aa64cfa127b67b049,00459_001.jpg,@ellafridalindblom,Nitrate base,Single Pack,12 Sheets
460,0,film_box_outside,Fukkatsu,Color Print Film,110,400,C-41,201808,1762852583,a686ec9d5120881480cd8b6b37b176aa,e5ed9275c4a34dbb8ab1a60c13ca3213,00460_000.jpg,waldoboro,,Single Pack,24exp
461,0,film_box_outside,Fujifilm,Fujicolor Natura 1600,35mm,1600,C-41,201604,1762852636,7ffb41bd8b4858c10f157e4c63f512d5,a4f7e58b2cdf448d8a2e7781c26252aa,00461_000.jpg,waldoboro,,Multi-Pack-3,36exp
462,0,film_box_outside,Kodak,Kodachrome,35mm,10,K-14,196209,1762852878,22d19c235e366b04a2df9229514811a6,21c4ce1f9fb54086bb13435778243d0a,00462_000.jpg,waldoboro,,Single Pack,36exp
462,1,film_box_leaflet,Kodak,Kodachrome,35mm,10,K-14,196209,1762852879,00cb210568b6a9b6997639e4c5e7b6e8,eb2f8ddacbcf4b3087e1fea3117fb683,00462_001.jpg,waldoboro,,Single Pack,36exp
462,2,film_box_leaflet,Kodak,Kodachrome,35mm,10,K-14,196209,1762852882,31b41cfdc03cecda6428677dc117acdb,e61ab90af79a4d558efcaed30d78978a,00462_002.jpg,waldoboro,,Single Pack,36exp
463,0,film_box_outside,Seagull,Seagull Color IR100,35mm,100,C-41,199001,1762853030,71856aa3722e6c348fd44c14752b3e2a,4696688cabf54eeb83cf66b2fb00e7cc,00463_000.jpg,waldoboro,,Single Pack,36exp
463,1,film_box_leaflet,Seagull,Seagull Color IR100,35mm,100,C-41,199001,1762853057,7c99bf39fba6b89bccc29199c2cc70f3,0f46125636f9490a92937c07595df7cb,00463_001.jpg,waldoboro,,Single Pack,36exp
463,2,film_box_leaflet,Seagull,Seagull Color IR100,35mm,100,C-41,199001,1762853061,246937a4040e8779031a3f80f2db0891,782baa96b77d424eb0dabc5f6d3b8c88,00463_002.jpg,waldoboro,,Single Pack,36exp
464,0,film_box_outside,Agfa,AgfaColor HDC Plus,35mm,200,C-41,200011,1762853953,7aa4c3f797d781b74e40f3e7bbbd21dc,2dab58330f43463e9441b6777fce016b,00464_000.jpg,Chrisbes,,Single Pack,36exp
465,0,film_box_outside,Fujifilm,Fujicolor HR100,35mm,100,C-41,198605,1762854043,0e6d1806c2b032353eb29ab6576b6583,8ef818ff997b43d3961092bd540a2335,00465_000.jpg,Chrisbes,,Single Pack,24exp
466,0,film_box_outside,Fujifilm,Fujicolor Super HR,35mm,100,C-41,198911,1762854123,993efa51a2e895c36e9f2c2aa6225ae2,9814bf1366f343ea940b7c709d107fd2,00466_000.jpg,Chrisbes,,Single Pack,36exp
467,0,film_box_outside,Reflx Lab,400D,35mm,400,C-41,202612,1762854207,86bb7fa8093ddf86a51d6ad6ceca1c9f,4c1b5d50ee594d5694e9a7b0a78c5801,00467_000.jpg,Chrisbes,,Single Pack,36exp
468,0,film_box_outside,Reflx Lab,800T,35mm,800,C-41,202612,1762854253,b5031c657b17317e4224b76df4cfeafb,7b18320ad3d04332afde69a847606b6b,00468_000.jpg,Chrisbes,,Single Pack,36exp
469,0,film_box_outside,Arista.EDU,Ultra,35mm,200,BW,202704,1762859984,f8ab2d5f54e2726301a16f6d89a9225d,eb126e7cfe084d4d8796a6123633d78b,00469_000.jpg,minidiscus,,Single Pack,36exp
469,1,film_box_inside,Arista.EDU,Ultra,35mm,200,BW,202704,1762859985,d9bb0003cd752ec42018f01f0b6439c5,2d1bfa62420841828533cbd64cdf68f6,00469_001.jpg,minidiscus,,Single Pack,36exp
470,0,film_box_outside,Arista.EDU,Ultra,120,400,BW,202806,1762860056,d5e27392d45cc7c2ceb337fec3ac963a,7a09e38ead7d4c73a1a2f3c028fad319,00470_000.jpg,minidiscus,,Single Pack,N/A
470,1,film_box_inside,Arista.EDU,Ultra,120,400,BW,202806,1762860057,cd54abc0374bcf9c03afaa95a7ceaf0d,f04ab55fbd10406caa7c83d6a06c6ef5,00470_001.jpg,minidiscus,,Single Pack,N/A
471,0,film_box_outside,Kentmere,PAN,120,200,BW,202703,1762860107,f7bdc549c39b44d9f0f8db78583eb13a,63392fa4def0490fbb2cb93d8c173ec0,00471_000.jpg,minidiscus,,Single Pack,N/A
471,1,film_box_inside,Kentmere,PAN,120,200,BW,202703,1762860108,e5df9f67a71fed3947afdee947a4c7b9,2f6326633f2f42118a21c5b61a9d4f95,00471_001.jpg,minidiscus,,Single Pack,N/A
472,0,film_box_outside,Foma,Fomapan 400 Set,35mm,400,BW,202602,1762860277,85842f082fdff92de17b20cb80e84fc7,3296821c76484d32b09ff0f32057189e,00472_000.jpg,minidiscus,,Refill,36exp
472,1,film_box_leaflet,Foma,Fomapan 400 Set,35mm,400,BW,202602,1762860280,1689b9fa9ec441fe5ead7c625e6bd3a6,520f0795ac0b49e4a61c8b26781df163,00472_001.jpg,minidiscus,,Refill,36exp
472,2,film_box_leaflet,Foma,Fomapan 400 Set,35mm,400,BW,202602,1762860283,609bd1ded29f7151c36b4cd8ff571744,77aaa3e028754c84bb966a23c5de0ec8,00472_002.jpg,minidiscus,,Refill,36exp
473,0,film_box_outside,Lucky,C200,120,200,C-41,202709,1762860755,7deba91a0d0446f792b5ff1ef3b9fe47,c6cdb442b65a4e83ac71331c8fffe6f8,00473_000.jpg,@Hol.m35,,Single Pack,N/A
473,1,film_box_inside,Lucky,C200,120,200,C-41,202709,1762860756,02db3061786fbf97898bce5e2559592c,4c246c1e545c4160b2d63db6025accfb,00473_001.jpg,@Hol.m35,,Single Pack,N/A
474,0,film_box_outside,Lucky,SHD400,120,400,BW,202612,1762860904,32ff040817af5609445adaa26db8feb0,0fbc7c70fa9c46f3bf4365afed4015b5,00474_000.jpg,@Hol.m35,,Single Pack,N/A
474,1,film_box_inside,Lucky,SHD400,120,400,BW,202612,1762860906,01f53e9c45cfad53daf107bc73457c8d,82ddbef0b77b47f5b30509a7af1e1808,00474_001.jpg,@Hol.m35,,Single Pack,N/A
475,0,film_box_outside,Lomography,Postdam,35mm,100,BW,202804,1762861040,7c129b37de67b6b7f10146dac537a816,89df57ba76fb4cc6ad09a663c463d0c6,00475_000.jpg,@Hol.m35,Black & White POSTDAM 35mm Kino Film,Single Pack,36exp
475,1,film_box_inside,Lomography,Postdam,35mm,100,BW,202804,1762861041,5fa010d7505581f8a73caa472954d7bf,9e139b4e9ab140c096622312e9da5e1d,00475_001.jpg,@Hol.m35,Black & White POSTDAM 35mm Kino Film,Single Pack,36exp
476,0,film_box_outside,GT Photo,GT24,35mm,400,C-41,202512,1762902305,f66420cc2a396eb921a8122b8f695f4f,86ec0b0ed4b94390a23d2cb27e1792c2,00476_000.jpg,dekuNukem,,Single Pack,24exp
477,0,film_box_outside,Polaroid,Green 600 Film Reclaimed Series,Instant Integral Film,640,Instant,202507,1762902641,2a9deb0f08a659d453a8443a3fb063b5,613f5e7014704b5bbe28565cfe290180,00477_000.jpg,@ellafridalindblom,,Single Pack,8exp
477,1,film_box_inside,Polaroid,Green 600 Film Reclaimed Series,Instant Integral Film,640,Instant,202507,1762902643,3b4c27910f43090a5de8ccf8489c6436,c92f5c416c764c83845e115db6e90106,00477_001.jpg,@ellafridalindblom,,Single Pack,8exp
478,0,film_box_outside,CineStill,800T,120,800,C-41,202705,1762902844,3c1c23b8a51a4e22a8b63a58059447f8,5b72cfa7adb14d0f8aefaa083ee444c4,00478_000.jpg,Chrisbes,,Single Pack,N/A
478,1,film_box_inside,CineStill,800T,120,800,C-41,202705,1762902845,6d32f7ce268de9e49fa53d781325c7f9,88c575769d28409a9796d3ecee41d014,00478_001.jpg,Chrisbes,,Single Pack,N/A
479,0,film_box_outside,Lucky,C200,35mm,200,C-41,202710,1763551708,a3f10945783b9f66383256be170a1cbf,4986ebbbced349e880b7dd92d9649c6c,00479_000.jpg,kaimon,,Single Pack,36exp
479,1,film_box_inside,Lucky,C200,35mm,200,C-41,202710,1763551709,e9dcd0d3ad5ba502822ffec804282a24,865aa90f5fca4c34b283f866c10c6054,00479_001.jpg,kaimon,,Single Pack,36exp
480,0,film_box_outside,Street Candy Film,ATM400,35mm,400,BW,Unknown,1763639515,df60ba4966a6968d22c00dd8efba55b7,1b198dd0d976444ab98109d0c37c4380,00480_000.jpg,@Hol.m35,,Single Pack,36exp
481,0,film_box_outside,Ilford,R.25 F.P Special,12x16.5cm,80,BW,Unknown,1763639645,ea48ad47a40332723196d86c139d4ed7,8d14ab4db3844e8fa5b59d80adbdec05,00481_000.jpg,@ellafridalindblom,,Single Pack,12 Sheets
481,1,film_box_outside,Ilford,R.25 F.P Special,12x16.5cm,80,BW,Unknown,1763639647,e2af54cd31f479b2258a17a0be86bc83,f72ce470f4c24f008b715f340c95ce7f,00481_001.jpg,@ellafridalindblom,,Single Pack,12 Sheets
482,0,film_box_outside,Agfa,Isochrom Portrait,12x16.5cm,50,BW,194805,1763639764,8b74328aa74592d7d5325f6bb5d6e0dc,dea659399cf345a6912964c10b584c56,00482_000.jpg,@ellafridalindblom,,Single Pack,12 Sheets
483,0,film_box_outside,Agfa,Isopan Portrait,12x16.5cm,80,BW,194409,1763639831,5dafb3575eb4c750c6de5df6bd5d43e7,81ded7f4902d46df8f5dd91868e7b974,00483_000.jpg,@ellafridalindblom,,Single Pack,12 Sheets
484,0,film_box_outside,Kodak,Ektachrome Elite 200,35mm,200,E-6,199707,1764113254,a38eb764be50ec62707204eee1bd6998,19e57cb4060b4782955a5a5667fdb736,00484_000.jpg,@recycling.film,,Single Pack,36exp
484,1,film_box_inside,Kodak,Ektachrome Elite 200,35mm,200,E-6,199707,1764113260,7fbbd30ae54ee7e5e3eff4e53700b32e,d71ecd2dd0d14c0f9c86aea0d8be963f,00484_001.jpg,@recycling.film,,Single Pack,36exp
485,0,film_box_outside,Seagull,Seagull Color IR100,35mm,100,C-41,199001,1764113404,46a33f1ff07bd801cda7d542512b67d0,dc59644d2764497d985b1f24bd2c8fd8,00485_000.jpg,@recycling.film,,Single Pack,36exp
486,0,film_box_outside,Photocité,400 ISO,35mm,400,C-41,201002,1764113520,86d7c86719363d88e9d787982c1f28d6,eeccbc03ca25486db372e649d073e370,00486_000.jpg,@recycling.film,,Single Pack,36exp
487,0,film_box_outside,Ilford,Ortho Plus,120,80,BW,202607,1764113673,2dbea124bc7a38039ce2c2e3ae5b3bc0,cc385be1b2a04a35aef42d7e6dc51952,00487_000.jpg,kaimon,,Single Pack,N/A
487,1,film_box_inside,Ilford,Ortho Plus,120,80,BW,202607,1764113674,2611a1674baa297cfffa3556ec506bf5,4d1bc814dacc43818ad07db6bb6459c9,00487_001.jpg,kaimon,,Single Pack,N/A
488,0,film_box_outside,Fujifilm,Fujicolor Super HG,35mm,100,C-41,199002,1764114501,5bae4f357cdbcae249be323d7e4a5f01,4ed0923440b44070b1da36f464f01b30,00488_000.jpg,waldoboro,,Single Pack,24exp
488,1,film_box_inside,Fujifilm,Fujicolor Super HG,35mm,100,C-41,199002,1764114502,4ad418007c7b4587bbc0ca7abdb23973,783e8248f4894bedbe3a0d85ce61abf1,00488_001.jpg,waldoboro,,Single Pack,24exp
489,0,film_box_outside,Kodak,Gold 200,35mm,200,C-41,202802,1764114678,99737a672f1cdc484a2698e259abe250,e7fb9bd0f50c401dbf51f7c858167d4b,00489_000.jpg,waldoboro,,Single Pack,36exp
490,0,film_box_outside,Fujifilm,Fujicolor Superia 100,35mm,100,C-41,200303,1764114769,3754b54f38be85b7b8a0d45a43de1db0,17d5e395c4d64dc2900c1ab54ffa30bf,00490_000.jpg,waldoboro,Nueva!!,Single Pack,24exp
490,1,film_box_inside,Fujifilm,Fujicolor Superia 100,35mm,100,C-41,200303,1764114771,1407a22a196c90a62ea2fb012ae0e308,78927c2e729346c49a3d788cb89605be,00490_001.jpg,waldoboro,Nueva!!,Single Pack,24exp
491,0,film_box_outside,Perutz,Primera,35mm,100,C-41,200412,1764114864,f6d701b437ba645f7eccf51f56f6ce33,4e05e028af4c403786967ee168f3cbfb,00491_000.jpg,waldoboro,,Single Pack,14exp
491,1,film_box_inside,Perutz,Primera,35mm,100,C-41,200412,1764114866,bdee47c0d216e34c2d913fdc24525fba,879b36b05a2a48f9ac5c68f871c37e60,00491_001.jpg,waldoboro,,Single Pack,14exp
492,0,film_box_outside,Svema,FN 64,35mm,64,BW,199712,1764115190,5084efc3aa7acd6f49493e8334fd6b10,dd90580d0b034a42ab153ef89c82600a,00492_000.jpg,waldoboro,,Refill,36exp
493,0,film_box_outside,Candido,Colour Negative Film,35mm,800,C-41,202610,1764588679,23c768a0033bca6efa2a784c0a11afac,89e114393f3d49808e0a572e88406cd2,00493_000.jpg,Pelicram,,Single Pack,36exp
494,0,film_box_outside,Lomography,Berlin,120,400,BW,202208,1764781820,9f81abdc958f8e36cc1682d0e793b48f,11a01c72e7184305af18b815eed7246a,00494_000.jpg,@Hol.m35,,Single Pack,N/A
494,1,film_box_outside,Lomography,Berlin,120,400,BW,202208,1764781821,c37b3b836f35d239568c361d9b9f7548,93c0168d54bc413a8841ef0aeccd220c,00494_001.jpg,@Hol.m35,,Single Pack,N/A
495,0,film_box_outside,Lomography,Color Negative 800,35mm,800,C-41,202606,1764782055,74123111823ee9def88b6b1e7280a9d7,7daedd3c10164aa3a9ca3f7a9eae7796,00495_000.jpg,@Hol.m35,,Multi-Pack-3,36exp
495,1,film_box_outside,Lomography,Color Negative 800,35mm,800,C-41,202606,1764782057,e162f23d38a0ce27866e5991ae02c728,598d18cdb1b94a4499a2cdd1383a4088,00495_001.jpg,@Hol.m35,,Multi-Pack-3,36exp
496,0,film_box_outside,Polaroid,Type 42,Instant Roll Film,200,Instant,Unknown,1764782320,0318e8448666f504805818d009d6774b,ce5edab694b4467aa9b3e1d81d8bf92c,00496_000.jpg,@recycling.film,,Single Pack,8exp
497,0,film_box_outside,Fujifilm,Fujicolor Natura 1600,35mm,1600,C-41,201912,1765564029,82070ebfa2c3d491604f2941cb92df33,70948fbe01434f64bf95c813e2c8c8ed,00497_000.jpg,@recycling.film,,Single Pack,36exp
498,0,film_box_outside,Polaroid,Color 600 Film,Instant Integral Film,640,Instant,202609,1765564306,66b9c4feb8977e1d0b2a9f3b6c4ce187,51d75e2058564d668402d5f1bf3fe12f,00498_000.jpg,toader,,Single Pack,16exp
498,1,film_box_outside,Polaroid,Color 600 Film,Instant Integral Film,640,Instant,202609,1765564311,a72c3ddbe9df2263ff5624c6b4096c4f,f6c79651a4c147e0b902c3e8c4db52e3,00498_001.jpg,toader,,Single Pack,16exp
498,2,film_box_inside,Polaroid,Color 600 Film,Instant Integral Film,640,Instant,202609,1765564314,f8558150c5f9fdc5fbce165a565f630e,52079bbae4d8474da690f4f6da194578,00498_002.jpg,toader,,Single Pack,16exp
498,3,film_box_inside,Polaroid,Color 600 Film,Instant Integral Film,640,Instant,202609,1765564317,c8b22891c0aa06d38fcc294c508cc49a,d3ee36b0442241e78e56a0b9910e24a9,00498_003.jpg,toader,,Single Pack,16exp
499,0,film_box_outside,Film Photography Project,FPP 620 Black & White Panchromatic Negative Film,620,100,BW,Unknown,1765564567,f8f0e385fa6f94d3c4e77f2a06d5d83f,6b7dc0000a5f493caa53c841c3ce60ce,00499_000.jpg,@gregrouxphotography,,Single Pack,N/A
499,1,film_box_inside,Film Photography Project,FPP 620 Black & White Panchromatic Negative Film,620,100,BW,Unknown,1765564568,f87d44af57e1c7513ea58b33821e3f35,c98c9d4ac4f944cd837f718b5ae748a0,00499_001.jpg,@gregrouxphotography,,Single Pack,N/A
500,0,film_box_outside,CineStill,800T,35mm,800,C-41,202704,1765564708,d5f6fb561b9d99f8fed30bfaf503620d,8b04191a9e994df4a219d5bfd9dfc96e,00500_000.jpg,kaimon,,Single Pack,36exp
501,0,film_box_outside,Kodak,Portra 800,35mm,800,C-41,202706,1765564741,0339042799de077848519edfcb613b1c,9896161f6dd442ceaa89c6d209063c94,00501_000.jpg,kaimon,,Single Pack,36exp
502,0,film_box_outside,Kodak,Tri-X Pan,120,400,BW,197606,1765564868,a03b56441bd28e84fa48011d24ae405c,943880744935475fa16fbe58b6334a3b,00502_000.jpg,lt_col_tall,,Single Pack,N/A
502,1,film_box_leaflet,Kodak,Tri-X Pan,120,400,BW,197606,1765564871,5f208e2acf4fa35af33b151e4d12bdd6,0d8f45a79ecc42cd8b60018426be966a,00502_001.jpg,lt_col_tall,,Single Pack,N/A
502,2,film_box_leaflet,Kodak,Tri-X Pan,120,400,BW,197606,1765564876,77d758ce7ad2077c24d7c33f9dd51aa9,f21e18a9ede6445c87e3bc1d2af55363,00502_002.jpg,lt_col_tall,,Single Pack,N/A
503,0,film_box_outside,Max Spielmann,Pro-Zoom MX 400,35mm,400,C-41,200607,1767013266,275c00ecfcb98ff81cd90f2695ebea64,881f46ac2824430cb12f79087a3338c5,00503_000.jpg,@Hol.m35,,Single Pack,24exp
503,1,film_box_inside,Max Spielmann,Pro-Zoom MX 400,35mm,400,C-41,200607,1767013275,7ebb8e93608f3de48021499b9c226b79,5490de5951794c9a946af94766f90eff,00503_001.jpg,@Hol.m35,,Single Pack,24exp
504,0,film_box_outside,ORWO,NP22,35mm,125,BW,199206,1767013442,f01b9eca63e12ff5eac12eb5b7e84e9f,cfbdda5effec496ca0d9d91d29d65437,00504_000.jpg,benikum,,Single Pack,36exp
504,1,film_box_inside,ORWO,NP22,35mm,125,BW,199206,1767013444,a10c6c029ece0dc7ffa68d3f2c0975bf,e0f475a33cbc4eb985d8958d7cd7a505,00504_001.jpg,benikum,,Single Pack,36exp
504,2,film_box_inside,ORWO,NP22,35mm,125,BW,199206,1767013450,376d3edf56424d1bac2deeac888666c5,92ea3f721b484deba093c773a0c7ea18,00504_002.jpg,benikum,,Single Pack,36exp
505,0,film_box_outside,Optik Oldschool,SantaColor,35mm,800,C-41,202712,1769429743,266ab09680564db6d4b1fed7ef7267cd,bc9726f8d278473591afb78fc49bdd85,00505_000.jpg,@Hol.m35,,Single Pack,36exp
506,0,film_box_outside,Fujifilm,Superia 200,35mm,200,C-41,200809,1769429884,58a8a052b33533854725c0b72a061287,94d1751b3c454ec590a5d79ee1f9fd36,00506_000.jpg,Chrisbes,,Multi-Pack-5,36exp
507,0,film_box_outside,Fujifilm,Fujicolor Super HG,35mm,100,C-41,199301,1769430078,53e6c2de92e8b27ca31d4633ff06fc18,bd59eca469724f71b8b6da2e89dd9942,00507_000.jpg,Chrisbes,,Multi-Pack-3,24exp
508,0,film_box_outside,Rollei,Retro 400S,120,400,BW,202803,1769430269,4e97a23ef23f9158ff75d1a654126d4f,17064b735c704134b793c63b583ef2cf,00508_000.jpg,@Hol.m35,,Single Pack,N/A
508,1,film_box_inside,Rollei,Retro 400S,120,400,BW,202803,1769430270,0c018210bc7939afa0888fc60fc93deb,6f069574b62047eeafe63d911d3d20ea,00508_001.jpg,@Hol.m35,,Single Pack,N/A
509,0,film_box_outside,Kodak,Gold 200,120,200,C-41,202812,1769430565,80df2ea8f7407f0be60b4568d44899eb,0e7da8b53783476da740ee07ca9a3e0b,00509_000.jpg,kaimon,,Multi-Pack-5,N/A
509,1,film_box_outside,Kodak,Gold 200,120,200,C-41,202812,1769430569,7e905ecef5df62e9d5efcd40200dc67a,83267ba97d474616b31a80a3a2b03493,00509_001.jpg,kaimon,,Multi-Pack-5,N/A
510,0,film_box_outside,Fujifilm,Fujichrome Velvia,35mm,100,E-6,202704,1769431975,1fecc1c7cfc01ab9e387ad279b60e2c2,8513abf4476f41c880303c3116ee1ba8,00510_000.jpg,u/ReeeSchmidtyWerber,,Single Pack,36exp
511,0,film_box_outside,Escura,EDO ukiyo-e,35mm,400,C-41,202806,1769432152,499ae840a75008717cde4e9089c3285f,758ee88b8edf42b492c8c240281d5faa,00511_000.jpg,@shotbyliampewpew,,Single Pack,24exp
512,0,film_cartridge,Reflx Lab,320D AHU,35mm,320,C-41,Unknown,1769432406,ac973927fb52dbdc9f0902c4bdfe5a1a,f6ddd372aaa0413a961691159ba30bd5,00512_000.jpg,Chrisbes,,Single Pack,36exp
513,0,film_cartridge,Reflx Lab,640T AHU,35mm,640,C-41,Unknown,1769432463,d24bb194c7fc90b19f0383ca71ad258b,e546f5291c23497b9643b51318452ce9,00513_000.jpg,Chrisbes,,Single Pack,36exp
514,0,film_box_outside,Ferrania,Solaris FG Plus,35mm,800,C-41,Unknown,1772454113,343d8d580a2436ed99c41cbad8a68592,a8aa315de3e54a68ae03d37f80d278b7,00514_000.jpg,@recycling.film,,Single Pack,36exp
515,0,film_box_outside,Foma,Fomapan classic 100,120,100,BW,202806,1772454185,a451857ad85e0b42f8651f0f3c84a2b4,e5c7523b6226483b9d4a1b24d7035e7b,00515_000.jpg,@recycling.film,,Single Pack,N/A
515,1,film_box_inside,Foma,Fomapan classic 100,120,100,BW,202806,1772454187,32edad3125058b1a6de12735e7e1ce15,df516fa250bb494dbca14134a2143e6a,00515_001.jpg,@recycling.film,,Single Pack,N/A
516,0,film_box_outside,Optik Oldschool,OptiColour 200,35mm,200,C-41,Unknown,1772454433,27f621ba0b2afd0231bccdd52e5a810b,187943e086e842469a7f19ddd0f8a7c9,00516_000.jpg,yc128,,Single Pack,36exp
517,0,film_box_outside,Ilford,FP4 Plus,120,125,BW,202609,1772454481,43f8e9909e983f5a90c011cf6c71ecd0,4b9fda92ef0b400a909c77872715fe9b,00517_000.jpg,yc128,,Single Pack,N/A
517,1,film_box_inside,Ilford,FP4 Plus,120,125,BW,202609,1772454490,0bd374f01826d6addafdbea593b3377f,29374a9675814feb86bed63775784334,00517_001.jpg,yc128,,Single Pack,N/A
518,0,film_box_outside,Fujifilm,Fujicolor Pro 400H,120,400,C-41,201401,1772454656,0ab1a5f2b4f8f186194c43c2b07940f4,8acc893c8082453a8f83a17f3780fb3a,00518_000.jpg,@Hol.m35,,Multi-Pack-5,N/A
519,0,film_box_outside,Kodak,Kodacolor 200,35mm,200,C-41,202802,1772454772,780d1070c33665d9ca382fa4671c5ec6,b33ca9b3d2e34544a264987426efba30,00519_000.jpg,TheSelousScout,,Single Pack,36exp
520,0,film_box_outside,Kodak,Tri-X 400,35mm,400,BW,202609,1772455260,d199c611f390bccfc02f420f226ffd85,178660bdc2f841308698aacd5acacba7,00520_000.jpg,u/ReeeSchmidtyWerber,,Single Pack,36exp
521,0,film_box_outside,Kodak,Tri-X 400,35mm,400,BW,201103,1772455331,53b75a36215797d4e99fe49445df8d2a,7bd1d8f74bd641ea8de78dcaaa7e7145,00521_000.jpg,u/ReeeSchmidtyWerber,,Single Pack,24exp
522,0,film_box_outside,Ilford,Ilfocolor 400 Plus,35mm,400,C-41,202604,1772455380,786db3409012d9f2075fa4415af84bd5,9fb74244831e4f8386240b2804a13930,00522_000.jpg,u/ReeeSchmidtyWerber,Vintage Tone,Single Pack,36exp
523,0,film_box_outside,Ilford,FP4 Plus,35mm,125,BW,202901,1772455430,c887456b7c0cd38789c3e1481890d2bb,97b840e334f14e48ba5baf99f38ea431,00523_000.jpg,u/ReeeSchmidtyWerber,,Single Pack,36exp
523,1,film_box_inside,Ilford,FP4 Plus,35mm,125,BW,202901,1772455432,0f0577911aa16396a303c640901b8db5,7b38d2f4be7149fd8dc2134415488968,00523_001.jpg,u/ReeeSchmidtyWerber,,Single Pack,36exp
524,0,film_box_outside,Fujifilm,Neopan Acros 100 II,35mm,100,BW,202512,1772455520,56e1b281fe7151ec82bc17128b0afe08,1f1865a95b8847d69dcd18cf52bc9ea9,00524_000.jpg,u/ReeeSchmidtyWerber,,Single Pack,36exp
525,0,film_box_outside,Fujifilm,Hi-Speed 1600,Disposable Camera,1600,C-41,201806,1772458238,f34565a4b8b17ea9b45ae61252a1ca2a,b25d00004e6f46699b06a4cf360f8a6f,00525_000.jpg,@Hol.m35,,Single Pack,27exp
525,1,film_box_outside,Fujifilm,Hi-Speed 1600,Disposable Camera,1600,C-41,201806,1772458240,1d5b689e293e9f75406b6c85c9872d16,67bd10dd07644db88eae7a01ab789970,00525_001.jpg,@Hol.m35,,Single Pack,27exp
526,0,film_box_outside,Fujifilm,Fujicolor 100,35mm,100,C-41,202708,1772458289,fb58b0e3070986fceb8ad00dc9038880,c04d5697e35c49049322ce823f32ac71,00526_000.jpg,@Hol.m35,,Single Pack,36exp
527,0,film_box_outside,Optik Oldschool,OptiColour 200,35mm,200,C-41,202711,1772458341,2fff25ee03286f25db4dcc1217da9684,c72fdf2e60bf4d488f2ac0b2251d099e,00527_000.jpg,@Hol.m35,,Single Pack,36exp
528,0,film_box_outside,efke,KB-25,35mm,25,BW,200903,1772458463,0a6894da44def44d0580be30ea5d52b2,b41fb584f713486eb5a5da2fe16e4d17,00528_000.jpg,Tobias,,Single Pack,36exp
528,1,film_box_inside,efke,KB-25,35mm,25,BW,200903,1772458465,1d80bf9752e75310ed85cd074eebc947,98d3ecfcdc824e7bbaef2d5a1f52bd05,00528_001.jpg,Tobias,,Single Pack,36exp
529,0,film_box_outside,Foton,Fotopan,35mm,400,BW,197904,1772458931,0d968cac004250f74b9c41a79b7695ad,e411c38ab057475f8874bd176d3e6ba7,00529_000.jpg,Luci 101,,Single Pack,36exp
529,1,film_box_leaflet,Foton,Fotopan,35mm,400,BW,197904,1772458932,9c5473f96aa4bc16c456dd10edc3e21b,c106929fe57e459dbac9ee8e10ca9b50,00529_001.jpg,Luci 101,,Single Pack,36exp
529,2,film_box_leaflet,Foton,Fotopan,35mm,400,BW,197904,1772458936,e4a48e9bc0c77b8f0b096db1e0aeffba,1dc440471e384b01a55f1877dc636836,00529_002.jpg,Luci 101,,Single Pack,36exp
530,0,film_box_outside,ORWO,OrwoChrome RC100,35mm,100,E-6,199509,1772459101,069a00a5fc8a6d50f8723310c2fe2e03,2ba82c28507045deadcde0588535a9b6,00530_000.jpg,Luci 101,,Single Pack,36exp
530,1,film_box_inside,ORWO,OrwoChrome RC100,35mm,100,E-6,199509,1772459104,fd5b3b16ba8f05e8f7ddf9f192f6e908,427907b346804a719d109c5c7d407e84,00530_001.jpg,Luci 101,,Single Pack,36exp
531,0,film_box_outside,ORWO,DK5,35mm,Unknown,BW,198301,1772459309,8cc178e169596fe03b92c8561302a763,227450eabb63400cb0f7fb663797e815,00531_000.jpg,Luci 101,,Bulk Roll,50m
532,0,film_box_outside,Foton,Mikrofilm Negatywowy Super Orto,35mm,Unknown,BW,198410,1772459465,f83a94bb91877a65c7e37a41691572c7,c5f2c4c39f884a668f540f88d21c003e,00532_000.jpg,Luci 101,,Bulk Roll,17m
533,0,film_box_outside,ORWO,NC 19,120,64,Unknown,197811,1772459773,70a79baba8f4e93073900bbc50794644,a1dea49e29ae412596b2b691ac3bdca5,00533_000.jpg,Luci 101,,Single Pack,N/A
533,1,film_box_outside,ORWO,NC 19,120,64,Unknown,197811,1772459776,915a19c8fc370f7958079fada44bf6f4,bea59b338851477b94e939e80f50b2f2,00533_001.jpg,Luci 101,,Single Pack,N/A
533,2,film_box_outside,ORWO,NC 19,120,64,Unknown,197811,1772459781,c1093753822eb5b9daf89bd2edfa3d6e,bc8f4df82be8463eb5744d8728eb967b,00533_002.jpg,Luci 101,,Single Pack,N/A
533,3,film_box_leaflet,ORWO,NC 19,120,64,Unknown,197811,1772459785,b2ec737d6b01f7baa530d282ea54e41b,40cf1acc36ad41898c60646b8c61b855,00533_003.jpg,Luci 101,,Single Pack,N/A
533,4,film_box_leaflet,ORWO,NC 19,120,64,Unknown,197811,1772459791,a956a387e621e270ba00f7b1409bba98,f7a0a295907541368829aa36192b0ede,00533_004.jpg,Luci 101,,Single Pack,N/A
534,0,film_box_outside,ORWO,NP 22,120,125,BW,199008,1772460033,21018a77a27f2a82636594ef4685ad7d,3a26b6e03eec4c35accf4991a4cd6b7f,00534_000.jpg,Luci 101,,Single Pack,N/A
534,1,film_box_outside,ORWO,NP 22,120,125,BW,199008,1772460034,ee686a597fa94f81bb589f376b45d9cd,4558e00e75de4fe8b16b24422e65b281,00534_001.jpg,Luci 101,,Single Pack,N/A
534,2,film_box_outside,ORWO,NP 22,120,125,BW,199008,1772460037,1a409decedaa19e0361c1b91e874afdb,8aa249acb29b457fa7b9507963d568a9,00534_002.jpg,Luci 101,,Single Pack,N/A
534,3,film_box_outside,ORWO,NP 22,120,125,BW,199008,1772460040,1535ae062f890a5982dedcc3effcc07b,1370e15f3fdd45818d436bff362b934c,00534_003.jpg,Luci 101,,Single Pack,N/A
534,4,film_box_leaflet,ORWO,NP 22,120,125,BW,199008,1772460043,7ea34b3e96d1615ee521531cb5039891,5c792057ae00453fab2206dc24459024,00534_004.jpg,Luci 101,,Single Pack,N/A
534,5,film_box_leaflet,ORWO,NP 22,120,125,BW,199008,1772460046,906778f2f37e734c36a4e574b37c6b0e,1e6b8d2a0fcb4803a1b4724a3c05d55e,00534_005.jpg,Luci 101,,Single Pack,N/A
535,0,film_box_outside,ORWO,UK18,35mm,50,BW,197606,1772460901,f1cdcd8002805c86c9a17088cfe0192f,d3755977cc6f49dab6e0fc8197b3c92d,00535_000.jpg,Luci 101,,Single Pack,36exp
535,1,film_box_outside,ORWO,UK18,35mm,50,BW,197606,1772460902,ba9e500b58249c5f5c86178fb2bae2d6,05670fe7dc444ef4afd5a9856620a6be,00535_001.jpg,Luci 101,,Single Pack,36exp
535,2,film_box_outside,ORWO,UK18,35mm,50,BW,197606,1772460904,e610de8029a6bbde99d99be8c4993d26,0024791369a7416f81f5322942fb529f,00535_002.jpg,Luci 101,,Single Pack,36exp
535,3,film_box_outside,ORWO,UK18,35mm,50,BW,197606,1772460906,aa65db4a6709c334909866e1be9d3631,86f98dc2121d47caae546d61901425b9,00535_003.jpg,Luci 101,,Single Pack,36exp
535,4,film_box_outside,ORWO,UK18,35mm,50,BW,197606,1772460907,ba611d5d71fc043c29114cd28bf993bb,8c444d2a5b724d679e2cc5c6bf3c33ff,00535_004.jpg,Luci 101,,Single Pack,36exp
535,5,film_box_leaflet,ORWO,UK18,35mm,50,BW,197606,1772460909,9b0d93b7d4ba1010e036b0aecdf46cf5,bf6040a757214fd5a3acc9ecefe96811,00535_005.jpg,Luci 101,,Single Pack,36exp
535,6,film_box_leaflet,ORWO,UK18,35mm,50,BW,197606,1772460912,3e6bf425a1af202aa156e76c26eeb552,e466cea5b2be4f3a80367091c829202e,00535_006.jpg,Luci 101,,Single Pack,36exp
536,0,film_box_outside,Kodak,Kodacolor II,35mm,100,C-41,198404,1772461130,a084b7f1787512a4ed240b598fab4d3f,ab800ae503c34a0aa02671d6450e8dcf,00536_000.jpg,Luci 101,,Single Pack,24exp
536,1,film_box_outside,Kodak,Kodacolor II,35mm,100,C-41,198404,1772461131,8fcee827a921026e1a4dc970ab420ea3,3c11f8ae82214741a97acba512ffa0f2,00536_001.jpg,Luci 101,,Single Pack,24exp
536,2,film_box_outside,Kodak,Kodacolor II,35mm,100,C-41,198404,1772461133,6b3c0cc5073138945b9b1759bed1037e,24569d9227db4530b89471f293852831,00536_002.jpg,Luci 101,,Single Pack,24exp
536,3,film_box_outside,Kodak,Kodacolor II,35mm,100,C-41,198404,1772461135,d82fa8711711213869450f3dfa61c5a2,8d2b565ef2c74110906f66356f164e90,00536_003.jpg,Luci 101,,Single Pack,24exp
536,4,film_box_outside,Kodak,Kodacolor II,35mm,100,C-41,198404,1772461136,89cd74bd6d7b1258451976950690f989,f01dcebad7414ecbafe609411370df1e,00536_004.jpg,Luci 101,,Single Pack,24exp
536,5,film_box_leaflet,Kodak,Kodacolor II,35mm,100,C-41,198404,1772461138,b27673e6fea565ede99b6a6690cf7d43,3a535cfbe2cf4290897513af040df7aa,00536_005.jpg,Luci 101,,Single Pack,24exp
536,6,film_box_leaflet,Kodak,Kodacolor II,35mm,100,C-41,198404,1772461140,7d27f1bf7353d7dace425926a088b1cc,566378dad0954215a8976cc6cf6cf173,00536_006.jpg,Luci 101,,Single Pack,24exp
537,0,film_box_outside,Kodak,Kodachrome II,828,25,K-14,196511,1775574759,dc9755fbdef1f755495bfe37717bdea6,9f12faa621fe4c06919086dcec7c2caa,00537_000.jpg,Tallbird Cowboy,,Single Pack,N/A
537,1,film_box_leaflet,Kodak,Kodachrome II,828,25,K-14,196511,1775574761,a37676e4d5e4ce86a4850ab88080f496,77473d75388148a2a9d3d4cf881d7047,00537_001.jpg,Tallbird Cowboy,,Single Pack,N/A
537,2,film_box_leaflet,Kodak,Kodachrome II,828,25,K-14,196511,1775574770,d1901aaf927663c5589a9a9848bd9f3c,fe93855a558c4a649fc6c953e1e5c221,00537_002.jpg,Tallbird Cowboy,,Single Pack,N/A
538,0,film_box_outside,Agfa,AgfaChrome 100RS,120,100,E-6,198801,1776105603,ac04c563b953df19fa22f4bbae44f1ad,06b483aba54b4ce5929a53b74c7d2c42,00538_000.jpg,Luci 101,,Single Pack,N/A
538,1,film_box_outside,Agfa,AgfaChrome 100RS,120,100,E-6,198801,1776105606,8ac4496dcf418c7cead65e0364c92c25,fddb3bf2c2384ede9010c5a601dca722,00538_001.jpg,Luci 101,,Single Pack,N/A
538,2,film_box_outside,Agfa,AgfaChrome 100RS,120,100,E-6,198801,1776105612,6d13d2e3a2ccf9de06c307df61a40b44,8ef09b75e4fe4f88a8cd05d71b562d95,00538_002.jpg,Luci 101,,Single Pack,N/A
538,3,film_box_outside,Agfa,AgfaChrome 100RS,120,100,E-6,198801,1776105615,3965f2746f90924707e390299fce5b34,5330ba90ecc04adfb0a6c681bf1983ba,00538_003.jpg,Luci 101,,Single Pack,N/A
538,4,film_box_outside,Agfa,AgfaChrome 100RS,120,100,E-6,198801,1776105617,dbdb9f2df4d14e0c17e1193fed3def21,37ca2a55104e4f03b4bdc483a1a9d14e,00538_004.jpg,Luci 101,,Single Pack,N/A
538,5,film_box_outside,Agfa,AgfaChrome 100RS,120,100,E-6,198801,1776105619,4b116c64507cf033888c8fe78bb7f5db,cff1f06d7a2244599bac9cea8bd5d014,00538_005.jpg,Luci 101,,Single Pack,N/A
538,6,film_box_leaflet,Agfa,AgfaChrome 100RS,120,100,E-6,198801,1776105621,e3a33c12817c42de8b35eba9c4a39f35,31be2de2870945cc88fb17d6c916cc0e,00538_006.jpg,Luci 101,,Single Pack,N/A
539,0,film_box_outside,Kodak,Super Speed Ortho Portrait,12x16.5cm,Unknown,BW,194210,1776105863,cdb372243a6d04ff2e923a4ba169a792,b9989063d3264ee2b866b21d3e9ab625,00539_000.jpg,@ellafridalindblom,,Single Pack,12 Sheets
540,0,film_box_outside,Ilford,HP3,12x16.5cm,125,BW,194704,1776106078,f564999f69924337bbed829648e81cdd,6e678765fd1c48e08d9ebb05cb5b6d94,00540_000.jpg,@ellafridalindblom,,Single Pack,24 Sheets
541,0,film_box_outside,Gevaert,Superchrom,12x16.5cm,80,BW,Unknown,1776106448,d1b64b3305778f6b9f213aa02614d2e7,9362bbd2bc0f48f68f28b7e5e9700217,00541_000.jpg,@ellafridalindblom,,Single Pack,12 Sheets
541,1,film_box_outside,Gevaert,Superchrom,12x16.5cm,80,BW,Unknown,1776106451,9a9962058ca2d8a91c27af161540b524,ba7892ff23004ca29c649c9ec62c9952,00541_001.jpg,@ellafridalindblom,,Single Pack,12 Sheets
542,0,film_box_outside,Kodak,Ektachrome 160T,35mm,160,E-6,199309,1776106672,15201012efdd420d1627fab02d9d98f5,dae0e4a473644444817e010eeb3d7b64,00542_000.jpg,@tylerdrey,,Single Pack,24exp
542,1,film_box_inside,Kodak,Ektachrome 160T,35mm,160,E-6,199309,1776106673,cc13733b2cbd141ed37ac1f33ab35128,d55ee26a62134eabb2784c27adc0c895,00542_001.jpg,@tylerdrey,,Single Pack,24exp
543,0,film_box_outside,Kodak,High Speed Ektachrome,120,160,Unknown,197309,1776107005,966b1b0738de5205a58bde470810eb80,d6df7ff94eb54de292068cb45080fe39,00543_000.jpg,@ob.skura,,Single Pack,N/A
543,1,film_box_leaflet,Kodak,High Speed Ektachrome,120,160,Unknown,197309,1776107006,2a5f8897c4a8beaff62fe2115d24530a,af73630d2fa7497bb84299a4706ed0da,00543_001.jpg,@ob.skura,,Single Pack,N/A
543,2,film_box_leaflet,Kodak,High Speed Ektachrome,120,160,Unknown,197309,1776107015,501e140ac0add9ef74f4a1e09ab2317d,f4278cfd7eea4c7a8f07251385bf4745,00543_002.jpg,@ob.skura,,Single Pack,N/A
544,0,film_box_outside,ORWO,OrwoChrome UT18,35mm,50,E-6,199201,1776107202,0a387321a08aa4f3b548df75f362312d,ee69ebd9b18946a2b81e5369f74ff2ce,00544_000.jpg,Luci 101,,Single Pack,36exp
544,1,film_box_outside,ORWO,OrwoChrome UT18,35mm,50,E-6,199201,1776107203,8b88fd0bb126eadb7fdff2ff74b663ff,57b927e054184769b5ae8313c7d5d9e3,00544_001.jpg,Luci 101,,Single Pack,36exp
544,2,film_box_outside,ORWO,OrwoChrome UT18,35mm,50,E-6,199201,1776107205,0ec14969fcde7bb0d1529b0f5e625202,c034fd63fef94771a456a85502c95560,00544_002.jpg,Luci 101,,Single Pack,36exp
544,3,film_box_outside,ORWO,OrwoChrome UT18,35mm,50,E-6,199201,1776107207,b288d64f59d0d7cd7cb2efc26a5f97df,fbb516474ad04dc1a9432b4540028826,00544_003.jpg,Luci 101,,Single Pack,36exp
544,4,film_box_leaflet,ORWO,OrwoChrome UT18,35mm,50,E-6,199201,1776107210,c5211de9b56da5fa8eb372b47e82eceb,071fb5a273094f789e73ff7263d24747,00544_004.jpg,Luci 101,,Single Pack,36exp
544,5,film_box_leaflet,ORWO,OrwoChrome UT18,35mm,50,E-6,199201,1776107212,52be4a3877359ec1ea282a33829eca92,456bc06ad0d5476aa82f4e4d4dd74027,00544_005.jpg,Luci 101,,Single Pack,36exp
545,0,film_box_outside,Svema,Foto 64,35mm,64,BW,199303,1776107406,18027d9e4ec6b42639a85e350f634d71,dafc01117d5744b9a1591e4ad9ed481f,00545_000.jpg,Luci 101,,Single Pack,36exp
545,1,film_box_outside,Svema,Foto 64,35mm,64,BW,199303,1776107407,ec695f145d6fc69b229f6f8e8ba1e2ec,87f4697850314f529e3ebb3c0d41ce8b,00545_001.jpg,Luci 101,,Single Pack,36exp
545,2,film_box_outside,Svema,Foto 64,35mm,64,BW,199303,1776107409,4c460bdb0cf297954de23f65698dc4e6,a88be5144d414706a3b1faffb5489e51,00545_002.jpg,Luci 101,,Single Pack,36exp
545,3,film_box_outside,Svema,Foto 64,35mm,64,BW,199303,1776107411,e3c64499582dba5f38ede9e358a11005,c3a7565139c64afab94d5a16bf801bcf,00545_003.jpg,Luci 101,,Single Pack,36exp
545,4,film_box_outside,Svema,Foto 64,35mm,64,BW,199303,1776107412,99112f71285ef6a9deb839b5b0cd2921,e7373c8293d34a5dadc57a48f16748e9,00545_004.jpg,Luci 101,,Single Pack,36exp
546,0,film_box_outside,Kodak,Gold 200,35mm,200,C-41,200212,1776107579,29a30a1683c38f0d61978428c0e90b83,e8e8fbafc8a64a19ad483dc1d7e3442d,00546_000.jpg,@Hol.m35,,Single Pack,36exp
546,1,film_box_outside,Kodak,Gold 200,35mm,200,C-41,200212,1776107580,55169c5c4c7e447c41eee7276c0247ec,5a268c9c5d684ad18cdc7650cf1c692d,00546_001.jpg,@Hol.m35,,Single Pack,36exp
547,0,film_box_outside,Agfa,Agfacolor CNS2,120,80,CNS2,198003,1776107671,73d553800036dbf18595cd056d467df4,db108d3120e04e4987e0c94174e0d515,00547_000.jpg,@Hol.m35,,Single Pack,N/A
548,0,film_box_outside,Lomography,Postdam,120,100,BW,202209,1776107816,21e16bf37e3fffb57f7316a4793687bf,35d94ea6e97849ee876a5c61ee532769,00548_000.jpg,@Hol.m35,,Single Pack,N/A
548,1,film_box_outside,Lomography,Postdam,120,100,BW,202209,1776107818,f9d298391c7cef49b9499a8bb3734846,4590b9bb4e264db4990e69e1b93862f4,00548_001.jpg,@Hol.m35,,Single Pack,N/A
549,0,film_box_outside,Lomography,Berlin,35mm,400,BW,202804,1776107891,ee280c45d6baa3742134c9ce72b14ab1,f9c71bea8e0942ceab31c4f97ea6d3df,00549_000.jpg,@Hol.m35,,Single Pack,36exp
549,1,film_box_outside,Lomography,Berlin,35mm,400,BW,202804,1776107892,17f3a132094572d48d1c0c841d89937e,5b7c6a7904af43aa9c02ab476a36d80f,00549_001.jpg,@Hol.m35,,Single Pack,36exp
550,0,film_box_outside,Lucky,C200,35mm,200,C-41,202802,1776108174,cfa71a8310d74cb43ed8d9dcf229d9b8,417dc63303e24ed58b36a4fbe55ab0cc,00550_000.jpg,@Hol.m35,,Single Pack,36exp
550,1,film_box_inside,Lucky,C200,35mm,200,C-41,202802,1776108177,282de464eaa1250a06e9177abf403577,1d360d80e5b74366a57bb661651a0ea1,00550_001.jpg,@Hol.m35,,Single Pack,36exp
551,0,film_box_outside,Fujifilm,Fujicolor Superia Multi400,35mm,400,C-41,200204,1776108284,77af0b1881156766085c693c1f3a098e,4b1ba64dcf86459eafd45ccd07c569f7,00551_000.jpg,@Hol.m35,,Single Pack,36exp
551,1,film_box_outside,Fujifilm,Fujicolor Superia Multi400,35mm,400,C-41,200204,1776108286,afca86ac092f92282874d38d6d3dbbd8,4f4492d0823945df8353a4e1bc2052ba,00551_001.jpg,@Hol.m35,,Single Pack,36exp
552,0,film_box_outside,Harman,Switch Azure,120,125,C-41,202712,1776108515,dea5366ca111f7d64105512080d07a33,f81a19dc94ac47e99249911f97fe31bb,00552_000.jpg,@Hol.m35,,Single Pack,N/A
552,1,film_box_inside,Harman,Switch Azure,120,125,C-41,202712,1776108516,e520faa5429928d67e10cb9abe736cb8,9f700cd952734d0c88e3c26e8525c2bd,00552_001.jpg,@Hol.m35,,Single Pack,N/A
553,0,film_box_outside,Harman,Switch Azure,35mm,125,C-41,202711,1776108559,e2bc15ad69fb6b13eaf51e396096f008,85e5b83007814fbd8b1a0c4caaf9df9c,00553_000.jpg,@Hol.m35,,Single Pack,36exp
553,1,film_box_inside,Harman,Switch Azure,35mm,125,C-41,202711,1776108560,94f229de5f7fd2e45cf3730885833f7e,f4b9bf30e757490087b895af7dfa3a8b,00553_001.jpg,@Hol.m35,,Single Pack,36exp
554,0,film_box_outside,Fujifilm,Fujicolor C200,35mm,200,C-41,201608,1776108636,578e025bc4483de5ead35a55f6e57ed1,5f2a25eea5ed4846862cce7ae96c2585,00554_000.jpg,@Hol.m35,,Multi-Pack-5,24exp
555,0,film_box_outside,Escura,Showa Camera Film,35mm,400,C-41,202608,1776108989,13624b912365f8b99da96d90328a3e4d,a87bd544a56a4ee39a2fe6e2db3f826b,00555_000.jpg,kaimon,,Single Pack,30exp
556,0,film_box_outside,Fujifilm,Neopan Acros 100 II,120,100,BW,200701,1776109064,181088b93f941891c67b6782fe6b5389,fbb052b5a0024308b4d11dd3a78b4027,00556_000.jpg,kaimon,,Single Pack,N/A
556,1,film_box_inside,Fujifilm,Neopan Acros 100 II,120,100,BW,200701,1776109066,b2a0bec2f7e5bd2e21cec7ddb7e90c70,56b053f3a12e489396fea4d8db1f6b45,00556_001.jpg,kaimon,,Single Pack,N/A
557,0,film_box_outside,Kodak,Plus-X,35mm,125,BW,194506,1776109361,4b35186d42a4544c3650a5f8963b14fb,e2b224605b0745258cf52515e02099a6,00557_000.jpg,Greg,,Single Pack,18exp
558,0,film_box_outside,Lomography,Color Negative Film,120,400,C-41,201212,1776109512,2464e769072f2db9df80ef7b38cd21f0,808ce640e530482f9016329c0eb2d986,00558_000.jpg,@Hol.m35,,Multi-Pack-3,8exp
558,1,film_box_outside,Lomography,Color Negative Film,120,400,C-41,201212,1776109514,a25cc7c9e6f4e27884d1603cac9bdfe4,44865d9f476846938a0d9986fd21c796,00558_001.jpg,@Hol.m35,,Multi-Pack-3,8exp
559,0,film_box_outside,Rollei,Retro 400S,35mm,400,BW,202809,1776109570,3e539a40c24c09f8627c1090f57f0793,1a8dc35eb6684e78b2a15dbbe362f345,00559_000.jpg,@Hol.m35,,Single Pack,36exp
559,1,film_box_inside,Rollei,Retro 400S,35mm,400,BW,202809,1776109572,f6e596ccf5c8c92497489a522fa844ae,a7b5c23d62b248df98ed3a4a4979afaf,00559_001.jpg,@Hol.m35,,Single Pack,36exp
560,0,film_box_outside,Lucky,C200,35mm,200,C-41,201301,1776109862,50d82b5c3ca2ded34818712f96447d47,698e4d8dc2ef4a5d8ea7c8d0e0d9f727,00560_000.jpg,Dialupdude,,Single Pack,36exp
560,1,film_box_inside,Lucky,C200,35mm,200,C-41,201301,1776109864,340cfd8d7a800e8b34435bae98ce6c0e,59c76e90f1b947c28da172d2c7f5e2df,00560_001.jpg,Dialupdude,,Single Pack,36exp
561,0,film_box_outside,1Shot,Color Print Film,35mm,400,C-41,202508,1776109926,4f687796229a4538fae9c761174b9738,7e2a1df614294a7680f4b9478c578cf0,00561_000.jpg,Dialupdude,,Single Pack,24exp
562,0,film_box_outside,Kodak,Sport Single Use Camera,35mm,800,C-41,202605,1776110020,b9bd75154be4a9d8e2ee5f1656279b91,e9b9c65612ae498080917cde3fd94618,00562_000.jpg,Dialupdude,,Single Pack,27exp
563,0,film_box_outside,Polaroid,Color i-Type Film,Instant Integral Film,640,Instant,202307,1776110174,c4a791a5614f206146135dd616344473,a0f16870196d400eb47971a65ab747a7,00563_000.jpg,Dialupdude,,Single Pack,16exp
563,1,film_box_inside,Polaroid,Color i-Type Film,Instant Integral Film,640,Instant,202307,1776110176,a889c79735009c6b95c90fefecabdf21,0c52f0b46fc847ce8dba3f2f22609100,00563_001.jpg,Dialupdude,,Single Pack,16exp
564,0,film_box_outside,Polaroid,Color i-Type Film,Instant Integral Film,640,Instant,202403,1776110235,6bf347637de7f576abd101354f945af2,a66f7c510e5e49e0b14a1165b59d32e9,00564_000.jpg,Dialupdude,,Single Pack,8exp
564,1,film_box_inside,Polaroid,Color i-Type Film,Instant Integral Film,640,Instant,202403,1776110237,b3d13cf365d2c49584f2d3f6e32864a7,7cb12adb23de4c09ae158c3f290de943,00564_001.jpg,Dialupdude,,Single Pack,8exp
565,0,film_box_outside,Polaroid,B&W i-Type Film,Instant Integral Film,640,Instant,202507,1776110301,d7e756d7f66b7da816caff8ca1931c73,d0c5d59f8d974c83b651e1b9e8f7963a,00565_000.jpg,Dialupdude,,Single Pack,8exp
565,1,film_box_inside,Polaroid,B&W i-Type Film,Instant Integral Film,640,Instant,202507,1776110303,9110c58c4dff2870e3dde2d155c6a9a1,77ff51132ecc4e08b3c3e93abebe4af8,00565_001.jpg,Dialupdude,,Single Pack,8exp
566,0,film_box_outside,Agfa,AgfaChrome 50 S,120,50,AP41,197707,1779792601,0bb0360c40d2698e4e20e81fa243a703,614f88677713446992d710403ec5eb28,00566_000.jpg,Luci 101,,Single Pack,N/A
566,1,film_box_outside,Agfa,AgfaChrome 50 S,120,50,AP41,197707,1779792603,ab9eb8ce7bf628b7228223fe0b8d1af2,563ff01a71b8458e995e169d10771e29,00566_001.jpg,Luci 101,,Single Pack,N/A
566,2,film_box_outside,Agfa,AgfaChrome 50 S,120,50,AP41,197707,1779792606,f412bb7c6f9b15b2d284e53adc41921e,6e3128ce6339494ba89745d7618298e0,00566_002.jpg,Luci 101,,Single Pack,N/A
566,3,film_box_outside,Agfa,AgfaChrome 50 S,120,50,AP41,197707,1779792608,e2c6d0ed59a9d462f282119d0b30fc87,263945c531864b9587149422d5e5a246,00566_003.jpg,Luci 101,,Single Pack,N/A
566,4,film_box_leaflet,Agfa,AgfaChrome 50 S,120,50,AP41,197707,1779792610,2a00460e2bca60f972355abd4cb3d616,fa734de6cae54db2bf120f56304c21c9,00566_004.jpg,Luci 101,,Single Pack,N/A
566,5,film_box_leaflet,Agfa,AgfaChrome 50 S,120,50,AP41,197707,1779792612,47a60ca0d98a34a86d3a6f60acd465ad,10484fe8aeea44beb41b69e06d7a7d87,00566_005.jpg,Luci 101,,Single Pack,N/A
567,0,film_box_outside,ORWO,OrwoColor UT13,8mm,16,Unknown,197110,1779792786,b59d0abe97c97dd439b6cab4bd1a3462,e7ff421fe76940efb7c727d4ffa6a05d,00567_000.jpg,Luci 101,,Single Pack,7.5m
567,1,film_box_outside,ORWO,OrwoColor UT13,8mm,16,Unknown,197110,1779792788,8ec1107ffd4849c305f1feae8522bff5,256ee695209049f9ac2dc59ca5050d62,00567_001.jpg,Luci 101,,Single Pack,7.5m
567,2,film_box_outside,ORWO,OrwoColor UT13,8mm,16,Unknown,197110,1779792792,5e5b964e8a323c0254c2db16826e3faf,b2db8d01c3814c3fbba583de1dd4c40b,00567_002.jpg,Luci 101,,Single Pack,7.5m
567,3,film_box_outside,ORWO,OrwoColor UT13,8mm,16,Unknown,197110,1779792793,4f97f9dfc412bd9b59f617c11fea0fe7,58998f5a2b9b4a6c858dd018ff39d2cb,00567_003.jpg,Luci 101,,Single Pack,7.5m
567,4,film_box_outside,ORWO,OrwoColor UT13,8mm,16,Unknown,197110,1779792795,a417ffee94e3bb3424058b5fbb31557c,bbe200fbd9b043a6824d899f556e2651,00567_004.jpg,Luci 101,,Single Pack,7.5m
567,5,film_box_leaflet,ORWO,OrwoColor UT13,8mm,16,Unknown,197110,1779792865,1ee253298fa93d8f4876a70794c4dd0e,f8414c9045084fed9143b5ed262db46f,00567_005.jpg,Luci 101,,Single Pack,7.5m
567,6,film_box_leaflet,ORWO,OrwoColor UT13,8mm,16,Unknown,197110,1779792867,84e06a1c2e6dbf356987ff3286077c22,d1620311aaa6413cbdd0fe506f38e8cd,00567_006.jpg,Luci 101,,Single Pack,7.5m
567,7,film_box_leaflet,ORWO,OrwoColor UT13,8mm,16,Unknown,197110,1779792869,63401db3ff16d7bde47820a8efd91f16,5acaacb7d6f44b8db4833f94fc496345,00567_007.jpg,Luci 101,,Single Pack,7.5m
567,8,film_box_leaflet,ORWO,OrwoColor UT13,8mm,16,Unknown,197110,1779792871,66966810b87053fe5ec985a34cfe1626,243bdcfc9037400a841215bde0e5f5c1,00567_008.jpg,Luci 101,,Single Pack,7.5m
567,9,film_box_leaflet,ORWO,OrwoColor UT13,8mm,16,Unknown,197110,1779792872,a520a568194968c429bd8b3954662867,87a8af10c93a4dbba9accf8bf7c5413e,00567_009.jpg,Luci 101,,Single Pack,7.5m
567,10,film_box_processing_envelope,ORWO,OrwoColor UT13,8mm,16,Unknown,197110,1779792874,f413eafa1fb92e17f0733f2cd211de78,3cdf8b9ef19541dca4ac9161ec1a4332,00567_010.jpg,Luci 101,,Single Pack,7.5m
567,11,film_box_processing_envelope,ORWO,OrwoColor UT13,8mm,16,Unknown,197110,1779792879,cb91aeae40131eaace785b3ce9094ca8,09e49f5c233746daba9dfc6a30560007,00567_011.jpg,Luci 101,,Single Pack,7.5m
568,0,film_box_outside,Optik Oldschool,Motion 200T,35mm,200,ECN-2,202804,1779793629,c2f436aec7085ca6d710e0a4fd401bc1,b389844cc8c04ab8b936315354330d90,00568_000.jpg,@Hol.m35,,Single Pack,36exp
569,0,film_box_outside,Optik Oldschool,Motion 500T,35mm,500,ECN-2,202804,1779793660,fea3582c6f2dec4da42b4cc31614df1f,f437c859b1564324968e289acecfbd42,00569_000.jpg,@Hol.m35,,Single Pack,36exp
570,0,film_box_outside,Efke,R14,120,20,BW,197003,1779793999,5d660a8e6769d44c6cf303430f971a88,32a76ef752524fab9f27ebe632b527f5,00570_000.jpg,Tobias,,Single Pack,N/A
570,1,film_box_leaflet,Efke,R14,120,20,BW,197003,1779794003,73a55891a6442967cf13d1da0e11fe52,64e01932547643cd806e82e0faf38af2,00570_001.jpg,Tobias,,Single Pack,N/A
570,2,film_box_leaflet,Efke,R14,120,20,BW,197003,1779794006,11912b0d00b68b39c3532bda32d13752,cb7b9dc522034a9e8e0c9efb07844543,00570_002.jpg,Tobias,,Single Pack,N/A
571,0,film_box_outside,Kodak,T-MAX P3200,35mm,3200,BW,202702,1779794161,a4a42b14da765117c47c36cc36847c7b,989581de448d4ccd82d8ab0950dae727,00571_000.jpg,Pelicram,,Single Pack,36exp
572,0,film_box_outside,Kodak,Kodacolor II,120,100,C-41,197110,1779794353,6b381869e6f2899f12183e1f90a2021f,8b179d290e4a462bb49bcec4f7c7f435,00572_000.jpg,Greg,,Single Pack,N/A
573,0,film_box_outside,Kodak,High Speed Ektachrome,120,160,Unknown,197410,1779794443,3b315e69b2d7471f028c3d841dc5f6dc,4dc3f1e6a10842dbb0b1ac038b5ac335,00573_000.jpg,Greg,,Single Pack,N/A
574,0,film_box_outside,Kodak,Ektachrome-X,120,64,Unknown,197403,1779794496,de4da7bb0f0c583cc79169bad563aa6e,109f05cb335c476a8b019d13347ccca3,00574_000.jpg,Greg,,Single Pack,N/A
575,0,film_box_outside,Kodak,Kodachrome,828,12,K-11,196109,1779794665,93c43cb7f5a51e940cc43af61266e548,aa76bcdbe2fe48fab10e56e1bd84e19e,00575_000.jpg,Greg,,Single Pack,8exp
576,0,film_box_outside,Kodak,Tri-X Pan,120,400,BW,197906,1779794702,584ee162eb6091050ec0947f27994122,261300ac4604457a8d0c8743d1e19a93,00576_000.jpg,Greg,,Single Pack,N/A
577,0,film_box_outside,Mr. Negative,Arcade,35mm,400,C-41,202901,1779795176,564b15f965bc7e901ba5dbd1e4d46a5a,e71e488f0288481f906ccecdf054a6e5,00577_000.jpg,@Hol.m35,,Single Pack,36exp
578,0,film_box_outside,A Girl Has Film,Tetris 200,35mm,200,C-41,Unknown,1779795246,31f4e31e1ed05d23ab9c26718e99dbef,987a22c2477b44d2ab1b4c434b2db309,00578_000.jpg,@Hol.m35,,Single Pack,Unknown
579,0,film_box_outside,Freestyle,500T,35mm,400,ECN-2,Unknown,1779795322,9ad8fd57a1f02e0f8f3ecdc97eeb1fa0,b7110d960d454ac484eafe3b650c8073,00579_000.jpg,@Hol.m35,,Single Pack,36exp
580,0,film_box_outside,Mr. Negative,Black Cat,35mm,400,BW,202901,1779795375,f67aa69f1a598da4e1a012df8d4335ca,7d38096a5e2243dc91b8caff8721cc7d,00580_000.jpg,@Hol.m35,,Single Pack,36exp
581,0,film_box_outside,Foton,Super Orto,35mm,Unknown,BW,198101,1779795559,336258bd0785dedc2718f0918c3a8894,a5735d8124da426db200a5ef3ae0050b,00581_000.jpg,Luci 101,,Bulk Roll,30.5m
581,1,film_box_leaflet,Foton,Super Orto,35mm,Unknown,BW,198101,1779795561,03e3a143b508f106ec23d32228c6b7ad,dac6a8226d604131a12b525d0c7f29a2,00581_001.jpg,Luci 101,,Bulk Roll,30.5m
581,2,film_box_leaflet,Foton,Super Orto,35mm,Unknown,BW,198101,1779795570,9c2230d73ea382124b10878b56a040ec,cb5f9744b147427a8def924a9f529543,00581_002.jpg,Luci 101,,Bulk Roll,30.5m
582,0,film_box_outside,Fujifilm,Fujicolor Pro 400H,35mm,400,C-41,201209,1780929169,57a789a2ceae507584f37ae98435ec30,27bbbeae605a4e1997859f2d3e6029e0,00582_000.jpg,@recycling.film,,Single Pack,36exp
583,0,film_box_outside,Kodak,Ektachrome E200,35mm,200,E-6,200310,1781102261,8cf4a11749f68f8c63d54f85ecc751db,c8b4e91fe2e34428a095ae48184f9879,00583_000.jpg,nyctomanica,,Bulk Roll,30.5m
584,0,film_box_outside,Kodak,Ektachrome 160T,35mm,160,E-6,200302,1781102300,f5adc55a611974be57ee5acaa0200ae7,308fb333b27a4dab9072d131425ef21a,00584_000.jpg,nyctomanica,,Bulk Roll,30.5m
585,0,film_box_outside,Camera Film Photo Limited,Kiki Pan 320,35mm,320,BW,202812,1781609508,f5fa9a52ec94d1a3c5888308f1bfac82,b0f0117fd8d74332b67a2e8be3db3937,00585_000.jpg,@Hol.m35,,Single Pack,36exp
585,1,film_box_inside,Camera Film Photo Limited,Kiki Pan 320,35mm,320,BW,202812,1781609515,0c1f46dfd430ee4a0e19027f227b889d,8dbce7087a9940b49d6c56476194f04b,00585_001.jpg,@Hol.m35,,Single Pack,36exp
586,0,film_box_outside,Fujifilm,400,35mm,400,C-41,202609,1781609568,c2bfc62275efa1138299621d50b56562,624c7d05c28a4bfb834ba537631e1f1d,00586_000.jpg,@Hol.m35,,Single Pack,36exp
586,1,film_box_outside,Fujifilm,400,35mm,400,C-41,202609,1781609571,f99a2bcb1bebee64f259fc042e3d8d36,1e7dab1f092343d4ba0295f2068dd5fd,00586_001.jpg,@Hol.m35,,Single Pack,36exp
587,0,film_box_outside,Kodak,Kodachrome 64,220,64,K-14,201011,1781609852,3fb41701f9270eac4d2d0ffc0a9f8306,36d1da1ac9804ac39bd98ab19d4db007,00587_000.jpg,nyctomanica,,Single Pack,36exp
587,1,film_box_processing_envelope,Kodak,Kodachrome 64,220,64,K-14,201011,1783941686,0ad3e119b9747a48eef27750191a742e,95f0416b8f6d40cfb3a8e15892c5f2ae,00587_001.jpg,nyctomanica,,Single Pack,36exp
588,0,film_box_outside,Agfa,Agfacolor CNS,620,80,CNS,198101,1781610009,a5cdab1883327384e606bcc0ae0d5a45,c5ed76a41fde41e1b07d83ed38800d8a,00588_000.jpg,nyctomanica,,Single Pack,N/A
589,0,film_box_outside,Kodak,Ektagraphic HC Slide Film,35mm,25,BW,198903,1781610117,77fdbdfd746a970f11ad49677ee54fa6,f2a364463c5d40ad9e438566b786d2a2,00589_000.jpg,nyctomanica,,Single Pack,36exp
590,0,film_box_outside,Kodak,Ektachrome 320T,35mm,320,E-6,200702,1781610151,d955a6fa1180b192a7d132e4ff59a191,39eee484e9cf4b8aaade4a1092010e11,00590_000.jpg,nyctomanica,,Single Pack,36exp
591,0,film_box_outside,Polaroid,TZ Artistic Fade to Black,Instant Integral Film,125,Instant,200910,1781610333,c1b4ed63707ea16e0bac39bf7d4d4d1c,1db6d025cc904e11858f76ce0053de21,00591_000.jpg,nyctomanica,,Single Pack,8exp
591,1,film_box_inside,Polaroid,TZ Artistic Fade to Black,Instant Integral Film,125,Instant,200910,1781610338,13586e309b046eb80a3c16eb6850b683,307ef2f11d7f4a3cb540da795f1b3d5a,00591_001.jpg,nyctomanica,,Single Pack,8exp
592,0,film_box_outside,Impossible Project,PX 680 Color Shade / First Flush,Instant Integral Film,600,Instant,201107,1781610445,f3a2d7e90ad919ded4ce0888253cf9d7,21d81b0f422340189e48c53b02b8580b,00592_000.jpg,nyctomanica,,Single Pack,8exp
593,0,film_box_outside,Polaroid,100 Blue Film,Instant Pack Film,80,Instant,200904,1781610553,22d24ac51670be2de5f7e7e0e98e7e54,5efc4291de384f9fa47153d007d293b8,00593_000.jpg,nyctomanica,,Single Pack,10exp
594,0,film_box_outside,Kodak,Kodacolor Gold,Disc Film,400,C-41,Unknown,1781610711,e567077be59aa73de437f372303f38a5,7f9897837fc645f5bbe5c6c18bb84ccd,00594_000.jpg,nyctomanica,,Single Pack,15exp
595,0,film_box_outside,Kodak,Hawkeye 2485 Surveillance Film,35mm,250,BW,200511,1781610943,cedf19a36e11a354055108cb08347e51,ffa83233d791403f98c607bb78ad0037,00595_000.jpg,nyctomanica,"ISO200-500, 35mm B&W 17m (speed depends on developer, 250 in D76, 500 in 'Versamat 885'), Tin label reads ""KODAK HAWKEYE Surveillance Film 2485-0076-0012 11/2005""",Single Pack,17m
595,1,film_box_outside,Kodak,Hawkeye 2485 Surveillance Film,35mm,250,BW,200511,1781610946,ca1b08f179e5ee9c33f6008a7ff29a2d,58ff417d1c8a48af9746c73bf4037948,00595_001.jpg,nyctomanica,"ISO200-500, 35mm B&W 17m (speed depends on developer, 250 in D76, 500 in 'Versamat 885'), Tin label reads ""KODAK HAWKEYE Surveillance Film 2485-0076-0012 11/2005""",Single Pack,17m
596,0,film_box_outside,Kodak,Kodalith ortho film type 3,35mm,Unknown,BW,199305,1781611075,5607e66df5024bff44b9c2063bc293c2,da9c265a3e194bd1ad83549961c6e5fd,00596_000.jpg,nyctomanica,,Single Pack,30m
597,0,film_box_outside,Impossible Project,PX 70 Color Shade / First Flush,Instant Integral Film,125,Instant,201007,1781611199,867c478dfd082c198797bf7e6f493010,690311c1402d40eca1ced80f9af11ad9,00597_000.jpg,nyctomanica,,Single Pack,8exp
597,1,film_box_inside,Impossible Project,PX 70 Color Shade / First Flush,Instant Integral Film,125,Instant,201007,1781611206,848b47d32499dbf1fa7c6af98520a0c1,d0c2a5e34bb54cedad81a49f4c338f7a,00597_001.jpg,nyctomanica,,Single Pack,8exp
598,0,film_box_outside,Impossible Project,PX 600 Silver Shade / First Flush,Instant Integral Film,600,Instant,201004,1781611481,a5ce6126da3322d8a9f8059ab9e8bf91,d77ac027dc34418082f8f65887ca8636,00598_000.jpg,nyctomanica,,Single Pack,8exp
598,1,film_box_outside,Impossible Project,PX 600 Silver Shade / First Flush,Instant Integral Film,600,Instant,201004,1781611483,e50742c6db3ffc4e90946b61942309c8,a1e2cdb1abb74300a8387b69c97a4f4b,00598_001.jpg,nyctomanica,,Single Pack,8exp
598,2,film_box_inside,Impossible Project,PX 600 Silver Shade / First Flush,Instant Integral Film,600,Instant,201004,1781611487,b6bd7955e942f8fb155ae4fd62b5e5e2,f95f44f60de24d11b8140ecd0493b540,00598_002.jpg,nyctomanica,,Single Pack,8exp
599,0,film_box_outside,Polaroid,100 Sepia Film,Instant Pack Film,1500,Instant,200910,1781611819,4426b084dd906fbb8dd45ef4ab65834b,3dc991e05c9b43cdbb85b18aabc29893,00599_000.jpg,nyctomanica,,Single Pack,10exp
600,0,film_box_outside,Kodak,Ektachrome Professional Film 5018,35mm,50,E-6,198501,1781612385,b63a3e7e715d620d6f1c871b1fea659d,83f596535e834c1a941be969aab46ace,00600_000.jpg,nyctomanica,,Single Pack,30m
601,0,film_box_outside,Polaroid,672,Instant Pack Film,400,Instant,200401,1781612603,d463d8c4403e27c28ea9cc21fdaa28bc,a2615a83b6774edda1567fe0e8deb335,00601_000.jpg,nyctomanica,,Single Pack,20exp
602,0,film_box_outside,Fujifilm,FP-100B,Instant Pack Film,100,Instant,201005,1781612689,47ad780686f6defee0509bf5e9d527bc,ea6ab39216914f77b0ca7ed0f243f3dd,00602_000.jpg,nyctomanica,,Single Pack,10exp
603,0,film_box_outside,Polaroid,High Contrast PolaChrome,35mm,40,Instant,199512,1781612753,6d1799bed132f4d40a05ab04adf1a201,65ce4d13cc6142b69fc5d1bea401c984,00603_000.jpg,nyctomanica,,Single Pack,12exp
604,0,film_box_outside,Kodak,Vericolor 400,35mm,400,C-41,199408,1781784021,ddf16b3cbf036486076b1f4256ed2cc8,77390b1f4e8f4519817b767e55c1d8e3,00604_000.jpg,nyctomanica,,Bulk Roll,30.5m
605,0,film_box_outside,Polaroid,1200,Instant Integral Film,640,Instant,200701,1781784091,f7f5553ab27d5f026edca52e7f2b0276,19b92b8aeb2b4e82b1ca2efa19eda657,00605_000.jpg,nyctomanica,Polaroid 1200 2x 12 photos (thinner Image/Spectra with 12 shots instead of 10),Single Pack,12exp
606,0,film_box_outside,Kodak,Ektachrome 64T,35mm,64,E-6,200403,1781784133,4993095ce225d7d32ee88b23dd4aaa27,ae1e47c3a7ce4d399556eba279964b11,00606_000.jpg,nyctomanica,,Bulk Roll,30.5m
606,1,film_box_outside,Kodak,Ektachrome 64T,35mm,64,E-6,200403,1781784137,2b24225f1ab12889aa92871720ac3908,51e54b2648a04424b6cd438fa9c24ce6,00606_001.jpg,nyctomanica,,Bulk Roll,30.5m
607,0,film_box_outside,Polaroid,669,Instant Pack Film,80,Instant,200903,1781784217,ae2201de6b3321b22fb080cd9e2af62b,20659b99ecfa48af97cdfca3d1dc2c27,00607_000.jpg,nyctomanica,,Single Pack,20exp
607,1,film_box_inside,Polaroid,669,Instant Pack Film,80,Instant,200903,1781784219,707362cf3bc3bdc1810a0946d849e3d2,8a98a85e7a474b69bdcb6ab34cf07935,00607_001.jpg,nyctomanica,,Single Pack,20exp
608,0,film_box_outside,Polaroid,125i Gloss,Instant Pack Film,125,Instant,200802,1781784280,8559c912932c11ad9006935ed3d876b2,1a7ddb61af5a486d85577e89cf317dd1,00608_000.jpg,nyctomanica,,Single Pack,22exp
608,1,film_box_leaflet,Polaroid,125i Gloss,Instant Pack Film,125,Instant,200802,1785851588,cd88d580931533b201c64fc0c7206625,1c1866395d4f4e15b072c977ca0bcb64,00608_001.jpg,nyctomanica,,Single Pack,22exp
608,2,film_box_leaflet,Polaroid,125i Gloss,Instant Pack Film,125,Instant,200802,1785851597,08e6955e61ca29a5a2d9952f7a8796f3,a8d722a9a637412caf68e01c018e7320,00608_002.jpg,nyctomanica,,Single Pack,22exp
609,0,film_box_outside,Polaroid,664,Instant Pack Film,100,Instant,200910,1781784410,1448fbf5b7cb60e3615222d267a2241d,cb070eea20764039a6b29ad007c54c40,00609_000.jpg,nyctomanica,Also called Polapan Pro 100?,Single Pack,20exp
610,0,film_box_outside,Impossible Project,Color 600,Instant Integral Film,640,Instant,201401,1781784476,ac2f87256e60a1eeccb3ca9539948bcf,9ee1d3c8eb704994866eb1c5c22855a1,00610_000.jpg,nyctomanica,,Single Pack,8exp
611,0,film_box_outside,Impossible Project,Color 600,Instant Integral Film,640,Instant,201601,1781784519,10f17f6301292a148a5975cfad21684b,dfb73aa922ec405b8fd100ed1785b84c,00611_000.jpg,nyctomanica,,Single Pack,8exp
612,0,film_box_outside,Polaroid,664,Instant Pack Film,100,Instant,200910,1781784567,544959a9be000f7d9dd4043b2571d97d,c2158d300cde448bb229862cfa014f1a,00612_000.jpg,nyctomanica,,Single Pack,20exp
613,0,film_box_outside,Impossible Project,Polaroid Type 100 Chocolate Paul Giambarba Edition,Instant Pack Film,80,Instant,201012,1781784887,bf44a42e7f6222a96c42dff4d5219844,9b939ce0c8d7401c936cfcbc85c76028,00613_000.jpg,nyctomanica,,Single Pack,Unknown
614,0,film_box_outside,Polaroid,100 Chocolate Film,Instant Pack Film,80,Instant,200910,1781784961,f6ab1e6cdb2daa67acb347b7aa7cfee8,d8e74033014e4db9af13c8b1aac4a70f,00614_000.jpg,nyctomanica,,Single Pack,10exp
615,0,film_box_outside,Polaroid,690,Instant Pack Film,100,Instant,200910,1781785005,ba06be07d2799d099d9abd96fca5cf17,4624d642b93d4c75a7a2d53a4a33bd98,00615_000.jpg,nyctomanica,,Single Pack,10exp
616,0,film_box_outside,Lomography,Color Slide / X-Pro 200,35mm,200,E-6,201806,1781785527,f1dd8a1063c60c5a822eebb1c270eb25,fa1a525240b548f599483ad50ba122bc,00616_000.jpg,nyctomanica,"aka Rollei Crossbird, AGFA Aviphot Chrome 200?",Multi-Pack-3,36exp
617,0,film_box_outside,Fujifilm,FP-3000B,Instant Pack Film,3200,Instant,201506,1781785693,76a6fea30d61894b469854bd7d7c6858,8382f7e52acc4167bd2aaae4ec319d7e,00617_000.jpg,nyctomanica,,Single Pack,10exp
617,1,film_box_inside,Fujifilm,FP-3000B,Instant Pack Film,3200,Instant,201506,1781785694,0740429a0435731679cee971e55b0c73,487b8dd980bd49e9b21c32a2a72657d1,00617_001.jpg,nyctomanica,,Single Pack,10exp
618,0,film_box_outside,Fujifilm,FP-100C Silk,Instant Pack Film,100,Instant,201501,1781785753,ece3d56c6628e81a34ad21bf6a4189d6,38650eb6e4cc42f8bd6b7875dcc5b7aa,00618_000.jpg,nyctomanica,,Single Pack,10exp
619,0,film_box_outside,One Instant,Type 100 Peel-Apart Colorfilm,Instant Pack Film,100,Instant,201909,1781786285,79735fa5b4267674c2019283f60b3c8c,20749de9fbb140d88baffc08facbff2c,00619_000.jpg,nyctomanica,,Multi-Pack-3,1exp
620,0,film_box_outside,Fujifilm,Instax Wide Monochrome,Instant Integral Film,800,Instant,202009,1781786324,154abd793f8a852b2036db557d61e176,48b08b5b3a8a4edc98fd29e6fd1c58d8,00620_000.jpg,nyctomanica,,Single Pack,10exp
621,0,film_box_outside,Polaroid,Land Pack Film Type 107,Instant Pack Film,3000,Instant,197306,1781786404,7b16cddf1f61afd07ff685026be40af1,e8d583d1b8a346cb95ae1cd69bb71b9a,00621_000.jpg,nyctomanica,,Single Pack,8exp
622,0,film_box_outside,Fujifilm,Instax Wide,Instant Integral Film,800,Instant,202105,1781786464,2d27c401ff6045c90903716025cc95df,6fd9245fee514c42b71121e489f051ce,00622_000.jpg,nyctomanica,,Multi-Pack-2,10exp
623,0,film_box_outside,Polaroid Originals,Color Spectra Film,Instant Integral Film,640,Instant,201905,1781786604,09ab6e12f23063981d009b1148328566,1761ed58b3bc423cb93dcf6fa3e77d0a,00623_000.jpg,nyctomanica,,Single Pack,8exp
623,1,film_box_outside,Polaroid Originals,Color Spectra Film,Instant Integral Film,640,Instant,201905,1781786607,cdca8bcb25aaaa668daa615f87bedcd3,538e8ad4aa6648ffbcf9f98f7848f3e1,00623_001.jpg,nyctomanica,,Single Pack,8exp
623,2,film_box_inside,Polaroid Originals,Color Spectra Film,Instant Integral Film,640,Instant,201905,1781786610,20d5a9d3048b9b311c455b94fe6326f1,b8809a0a73bc4c719d575231bdca4fc5,00623_002.jpg,nyctomanica,,Single Pack,8exp
624,0,film_box_outside,Polaroid Originals,B&W Spectra Film,Instant Integral Film,640,Instant,201906,1781786784,600bf95f28ac7b0311e1f7109d0dbdba,109eaba178c64f64a473ccce42f77f24,00624_000.jpg,nyctomanica,,Single Pack,8exp
624,1,film_box_outside,Polaroid Originals,B&W Spectra Film,Instant Integral Film,640,Instant,201906,1781786785,9d86a462be6efde24f32e186ffce8a30,bab1df5b180e4f69aa79689d243ae87b,00624_001.jpg,nyctomanica,,Single Pack,8exp
625,0,film_box_outside,Polaroid,Purple 600 Film Reclaimed Series,Instant Integral Film,640,Instant,202703,1781860726,bc09f2364a4deac25a28ad006d5941f3,caa728e6906b495b93d68895585eaad6,00625_000.jpg,nyctomanica,,Single Pack,8exp
625,1,film_box_inside,Polaroid,Purple 600 Film Reclaimed Series,Instant Integral Film,640,Instant,202703,1781860728,c0a04bb8debe6ae0156843f9c5495890,fbc0c57441fc4f109bdeb5a574a71fac,00625_001.jpg,nyctomanica,,Single Pack,8exp
626,0,film_box_outside,Gevaert,Panchro Super,8mm,32,BW,194805,1781861117,dcf202f70295b867d1eed0dbc4ee24fe,6a8186f72d304b3c84ff8ffa7935fd4c,00626_000.jpg,Luci 101,,Bulk Roll,25ft
626,1,film_box_outside,Gevaert,Panchro Super,8mm,32,BW,194805,1781861119,a2ddcd8042d701c53bb13b4332c26994,5956110884104f6a823597bd4cda1155,00626_001.jpg,Luci 101,,Bulk Roll,25ft
626,2,film_box_outside,Gevaert,Panchro Super,8mm,32,BW,194805,1781861121,efa7ff391cb19fc5b2fc02b7d5770a21,ea9a2f40873143a88560e070a11a1ea8,00626_002.jpg,Luci 101,,Bulk Roll,25ft
626,3,film_box_outside,Gevaert,Panchro Super,8mm,32,BW,194805,1781861122,962f5014deb433f51ea28a7ce2d7a9ba,569a709dfd81453eb07497318bfa3fe1,00626_003.jpg,Luci 101,,Bulk Roll,25ft
626,4,film_box_outside,Gevaert,Panchro Super,8mm,32,BW,194805,1781861124,b3d41f54159552954f695b0e1a4c017d,aa90f548900f488c9a94a92ea2fad652,00626_004.jpg,Luci 101,,Bulk Roll,25ft
626,5,film_box_leaflet,Gevaert,Panchro Super,8mm,32,BW,194805,1781861127,b954a82ef567aee8e943ed3a1689140a,01f9be26056b478ebd7e272472d6b099,00626_005.jpg,Luci 101,,Bulk Roll,25ft
626,6,film_box_leaflet,Gevaert,Panchro Super,8mm,32,BW,194805,1781861131,86f567ebddb3b796a4bfb11d193613e7,be23e2485409449bb52a1a26b40ed836,00626_006.jpg,Luci 101,,Bulk Roll,25ft
626,7,film_box_leaflet,Gevaert,Panchro Super,8mm,32,BW,194805,1781861134,79ad59b752b997078b14a9df23c5ace5,6d493e3285ed4d46a52c37302b1994a5,00626_007.jpg,Luci 101,,Bulk Roll,25ft
626,8,film_box_leaflet,Gevaert,Panchro Super,8mm,32,BW,194805,1781861136,59cc9c6a36834553c7a0ab5a1b2fb764,0a568b688bc24662b34171fa2c3b9c66,00626_008.jpg,Luci 101,,Bulk Roll,25ft
627,0,film_box_outside,Agfa,Vista Spider-Pack,35mm,100,C-41,200609,1782293657,bd4c4e82a12a45c899c511a02c56da5f,356cb49254644befb12eaa34c997c0cc,00627_000.jpg,Mauphoto,,Multi-Pack-3,36exp
628,0,film_box_outside,Fujifilm,Superia 100,35mm,100,C-41,201112,1782293695,ea534f08736cd23cf3d0a0ead156637b,29973b9ee68243218c8d30c3403a0f0c,00628_000.jpg,Mauphoto,,Single Pack,36exp
629,0,film_box_outside,Fujifilm,Velvia 50,35mm,50,E-6,201212,1782293729,86a9f62ee27fc7f47f0d4bcf5056de23,ee425a725d52448b95cb0664aabf9678,00629_000.jpg,Mauphoto,,Single Pack,36exp
630,0,film_box_outside,Kodak,Kodacolor VR Plus 400,35mm,400,C-41,200904,1782293810,d9de22e25308260d57e4221228f23068,2234581367c84a208c391ba92b3f5e5d,00630_000.jpg,Mauphoto,,Single Pack,36exp
631,0,film_box_outside,Kodak,Elite Chrome Extra Color,35mm,100,E-6,200912,1782293877,10a01c6ce217b39f87c80040be29c69e,b15598742abf4dada03cecd44e4071f9,00631_000.jpg,Mauphoto,,Single Pack,36exp
632,0,film_box_outside,Schlecker Fotoland,AS Color 200,35mm,200,C-41,201210,1782293956,17e2332a4ead0876f1fad509ccf783d3,5a16cb60bf3d4de3bc16a789a1af2bf6,00632_000.jpg,Mauphoto,,Single Pack,12exp
633,0,film_box_outside,Kodak,T-MAX 100,35mm,100,BW,200609,1782294073,98269d9d839bc06b75f20a7a3e618677,b58543ef54c0480288f0fb8b7ac62fbc,00633_000.jpg,Mauphoto,,Single Pack,24exp
633,1,film_box_inside,Kodak,T-MAX 100,35mm,100,BW,200609,1782294082,a5ad939113db3dc802bcd6eb4e7686a6,09fadb744cc445a2a817f41c02d174e9,00633_001.jpg,Mauphoto,,Single Pack,24exp
634,0,film_box_outside,Kodak,T-MAX 400,35mm,400,BW,200611,1782294117,5e6144b198226607625872ec75cfda09,9e8ce3c9962b416abe196c890efc0a2e,00634_000.jpg,Mauphoto,,Single Pack,24exp
634,1,film_box_inside,Kodak,T-MAX 400,35mm,400,BW,200611,1782294121,400aebbd8f652a7667ce6620c77eb905,dc35920942a94cceb1f8586cc95ffe59,00634_001.jpg,Mauphoto,,Single Pack,24exp
635,0,film_box_outside,Lucky,SHD 100,35mm,100,BW,200805,1782294284,b398b20a2b25646a888ee9f8bd12ae4f,8dfb0a6557b34a5fad8d96d4498e7feb,00635_000.jpg,Mauphoto,,Single Pack,36exp
635,1,film_box_inside,Lucky,SHD 100,35mm,100,BW,200805,1782294285,15a8f31f43ea3f9de357b579b2d4d412,937506c89d544dd4a46be76ceb570dd5,00635_001.jpg,Mauphoto,,Single Pack,36exp
636,0,film_box_outside,Lucky,SHD 100 New Generation,35mm,100,BW,200910,1782294375,0e9c30b005ef727123cb94687ad23f36,a3557cdb2ef942a9809d9c4360bf23f6,00636_000.jpg,Mauphoto,,Single Pack,36exp
636,1,film_box_inside,Lucky,SHD 100 New Generation,35mm,100,BW,200910,1782294377,49bfad4d38767d99617a228ef61469bf,69f9ef82b5984b94b2385b0e5b9f7cf9,00636_001.jpg,Mauphoto,,Single Pack,36exp
637,0,film_box_outside,Agfa,CT Precisa,35mm,100,E-6,200203,1782294517,e976a70059a4dbfa956f7537c307cb82,4816ed9ade314598a0c96412b06dca9c,00637_000.jpg,Mauphoto,,Single Pack,27exp
637,1,film_box_inside,Agfa,CT Precisa,35mm,100,E-6,200203,1782294518,8c3f124a8f04f70d32e601235e4468a9,b3d44227f6b04bb3b248247daa95619c,00637_001.jpg,Mauphoto,,Single Pack,27exp
638,0,film_box_outside,Foma,Fomapan Classic 100,35mm,100,BW,200803,1782294597,b9398ac914bc9696241f78519eb58c06,0eabec768b1245e1bae0afaa62f04eb6,00638_000.jpg,Mauphoto,,Single Pack,36exp
638,1,film_box_inside,Foma,Fomapan Classic 100,35mm,100,BW,200803,1782294599,eb8986917092d35339eab83481cd776f,05cf2d1a425147a682821c81d4893541,00638_001.jpg,Mauphoto,,Single Pack,36exp
639,0,film_box_outside,Ilford,Pan F 50,35mm,50,BW,200602,1782294828,cdbaf495947d5f0017db0d5910417fc4,a9fca2c069e94c0b8bafaf79a473c977,00639_000.jpg,Mauphoto,,Single Pack,36exp
639,1,film_box_inside,Ilford,Pan F 50,35mm,50,BW,200602,1782294830,d8fd8f23c719df4ba77ca02a7e814252,909196252dc745b0987bafacb8d8e568,00639_001.jpg,Mauphoto,,Single Pack,36exp
640,0,film_box_outside,Konica Minolta,Centuria 100,35mm,100,E-6,200802,1782294891,1111e2688a501f562b4e9dc3b071ae68,c93974535a3441acb0edbbd16b0f00ae,00640_000.jpg,Mauphoto,,Single Pack,36exp
640,1,film_box_inside,Konica Minolta,Centuria 100,35mm,100,E-6,200802,1782294897,917e2cfcc190a80361b749b198c5cc16,cd9c544f57314e79b7c1cbc0cc74bedc,00640_001.jpg,Mauphoto,,Single Pack,36exp
641,0,film_box_outside,Lucky,Super New 200,35mm,200,C-41,201301,1782295134,97b7236aaf08f2ead265c20495105986,2510bd0dd10940e0888b722ec00de0a7,00641_000.jpg,Mauphoto,,Single Pack,36exp
641,1,film_box_inside,Lucky,Super New 200,35mm,200,C-41,201301,1782295135,93f9c1cb055951a87563c57868a5894b,7da671d2345d450b88824b0bbb584b81,00641_001.jpg,Mauphoto,,Single Pack,36exp
642,0,film_box_outside,Perutz,CR 100,35mm,100,E-6,200603,1782295191,21954679c222f85caec9db057144b137,8952a19caaea4975a38cd877ca5ab5df,00642_000.jpg,Mauphoto,,Single Pack,36exp
642,1,film_box_inside,Perutz,CR 100,35mm,100,E-6,200603,1782295197,dd72b155ef5037ae81b811072f6fcf3c,87e07caa491d425390bf58ed01117d2b,00642_001.jpg,Mauphoto,,Single Pack,36exp
643,0,film_box_outside,Polaroid,High Definition,35mm,100,C-41,200603,1782295266,77e5ecb631c71dc67b22a119814ad2d8,f55d7221fceb4391b83cac2360c5ac7c,00643_000.jpg,Mauphoto,,Single Pack,24exp
643,1,film_box_inside,Polaroid,High Definition,35mm,100,C-41,200603,1782295267,7ff4195097ea4e7bc4b32badc2cf1f49,666ac89d17504a12b4a11a3ebcc3b460,00643_001.jpg,Mauphoto,,Single Pack,24exp
644,0,film_box_outside,ORWO,UK 17,8mm,40,Unknown,198905,1782295972,025e0311787845f6f27ac4629b53c5d3,cba0bd2a5ffd43c38164a5e9a2f719a0,00644_000.jpg,Luci 101,,Single Pack,7.5m
644,1,film_box_outside,ORWO,UK 17,8mm,40,Unknown,198905,1782295974,561df3f7be275192abdca146b64f2572,deb198cc152945e6bbae1b7744b025e1,00644_001.jpg,Luci 101,,Single Pack,7.5m
644,2,film_box_outside,ORWO,UK 17,8mm,40,Unknown,198905,1782295977,a978cbe6637f435fe30d94bf5323e13b,6b199b64e4254322be23a8f8fa6c0431,00644_002.jpg,Luci 101,,Single Pack,7.5m
644,3,film_box_outside,ORWO,UK 17,8mm,40,Unknown,198905,1782295979,df5bc92f703b4083cfda6be8628359b5,d2e91c708e4b4238a14592852d6efddf,00644_003.jpg,Luci 101,,Single Pack,7.5m
644,4,film_box_processing_envelope,ORWO,UK 17,8mm,40,Unknown,198905,1782295990,b3129e18d3778a9f00711e478d923187,f013eceab9d04aadaf18c831d872c365,00644_004.jpg,Luci 101,,Single Pack,7.5m
644,5,film_box_processing_envelope,ORWO,UK 17,8mm,40,Unknown,198905,1782295996,b2c6a3ee5ec8c9b653231d3d283ccf6b,f6f02f751669490c950960c0320f9166,00644_005.jpg,Luci 101,,Single Pack,7.5m
644,6,film_box_leaflet,ORWO,UK 17,8mm,40,Unknown,198905,1782296001,c22e76387eee07b25756f63ea2c925bf,5a476f294a8248f4b9b7b30c8eea9de9,00644_006.jpg,Luci 101,,Single Pack,7.5m
644,7,film_box_leaflet,ORWO,UK 17,8mm,40,Unknown,198905,1782296011,a4c8d853a257ccb4e33480ba6a7c057e,48fccd412b844d60b070182826cdaeb8,00644_007.jpg,Luci 101,,Single Pack,7.5m
645,0,film_box_outside,ORWO,UP 27 DS 8,8mm,400,Unknown,198311,1782299914,c905cbeaff9afa9fe3766330733c7df9,b009e5b8edc4410da0efdcc563624d5a,00645_000.jpg,Luci 101,,Single Pack,10m
645,1,film_box_outside,ORWO,UP 27 DS 8,8mm,400,Unknown,198311,1782299921,bccb689b92de28997f84d027b967b228,83c559fc31a54302abdca7e453c2c199,00645_001.jpg,Luci 101,,Single Pack,10m
645,2,film_box_outside,ORWO,UP 27 DS 8,8mm,400,Unknown,198311,1782299923,4d90b45e8a92fb47ef5ffa900a58cb70,12b9144a733040cd98b4bc777edb8ada,00645_002.jpg,Luci 101,,Single Pack,10m
645,3,film_box_outside,ORWO,UP 27 DS 8,8mm,400,Unknown,198311,1782299925,6b7100fe3dd4b7e36857d9bfaf2e8cc8,7159606d395544acaf3c2165bff483bb,00645_003.jpg,Luci 101,,Single Pack,10m
645,4,film_box_leaflet,ORWO,UP 27 DS 8,8mm,400,Unknown,198311,1782299930,ec31e60038c4fe22b57f18e6afdc43c2,cd691432ee7647dc957113b53761fc22,00645_004.jpg,Luci 101,,Single Pack,10m
645,5,film_box_leaflet,ORWO,UP 27 DS 8,8mm,400,Unknown,198311,1782299932,369eaa5f4e02ee8a8f866234f41a32c5,40a58b7e988545bf92632d63444d5882,00645_005.jpg,Luci 101,,Single Pack,10m
646,0,film_box_outside,Fujifilm,Simple Ace,Disposable Camera,400,C-41,202703,1782300252,374d042c47c50b1bf6bce1f9ca87980b,f2fbd963d7e0416398b986f9fe3e17e6,00646_000.jpg,Dialupdude,,Single Pack,27exp
646,1,film_box_outside,Fujifilm,Simple Ace,Disposable Camera,400,C-41,202703,1782300257,209107b2d7c3501cbd6c738f45de77f1,2cf26c089ea24fea95775f5be9229114,00646_001.jpg,Dialupdude,,Single Pack,27exp
647,0,film_box_outside,Kodak,Tri-X,35mm,200,BW,195710,1782300399,e7f6b63dfa8126797aa152d50e0258c2,4064ecb41a56469a8c8aebb32e7dd9af,00647_000.jpg,Dialupdude,,Single Pack,36exp
647,1,film_box_leaflet,Kodak,Tri-X,35mm,200,BW,195710,1782300401,cc8490aedce8e2a2211445be1befc4e7,bbfaaca0d3814a6eab600f2808631887,00647_001.jpg,Dialupdude,,Single Pack,36exp
647,2,film_box_leaflet,Kodak,Tri-X,35mm,200,BW,195710,1782300404,883497e91e6e4f0314b6f6ea649a6c33,115a438eac9b45be97a18b95330a1376,00647_002.jpg,Dialupdude,,Single Pack,36exp
648,0,film_box_outside,Fujifilm,Nexia A200,APS,200,C-41,201112,1782300509,60e484e3d3022a0c5a14abcb1de72c8e,711fdcd259474949990498f964f443c0,00648_000.jpg,Dialupdude,,Single Pack,25exp
648,1,film_box_inside,Fujifilm,Nexia A200,APS,200,C-41,201112,1782300512,78a5ce25d3b5f650eb14cf43d33ee080,3325f0ecfe9547a784fe0995fa87786d,00648_001.jpg,Dialupdude,,Single Pack,25exp
649,0,film_box_outside,Kodak,Gold 200,35mm,200,C-41,202607,1782300546,51baf1d45726d4313261d8792732b54d,31931d00c51447a8a625da94ce34795c,00649_000.jpg,Dialupdude,,Single Pack,24exp
650,0,film_box_outside,Kodak,Kodachrome 40,Super 8,40,K-14,Unknown,1782300612,5132af26f17ff379e30f0ed50f8bc383,1d9c43a04f37409ab0699ff47af92a3e,00650_000.jpg,Dialupdude,,Single Pack,Unknown
651,0,film_box_outside,Fujifilm,400 Speed Film,35mm,400,C-41,202708,1782390295,26cc249739a7f1a41d91bda309fe7c7c,fbe4ce2683e744b1b2ffae6b1c767f19,00651_000.jpg,Dialupdude,,Single Pack,36exp
652,0,film_box_outside,Konica,VX 100 Super,35mm,100,C-41,200511,1782391521,ff2200708c9da4234687737230c95ddf,39efe40e04c44643850d8442b4c490b4,00652_000.jpg,Dialupdude,,Single Pack,24exp
652,1,film_box_inside,Konica,VX 100 Super,35mm,100,C-41,200511,1782391523,fd1ff5e1b648b33326626014d48ea0d7,4c99e38ae90f43e8baa4e0cd9b0a313b,00652_001.jpg,Dialupdude,,Single Pack,24exp
653,0,film_box_outside,Mira Films,800 Color Film,35mm,800,C-41,202712,1782391571,b0823845cab91bf9e329c7caf10b3127,89552dfaf57742d8b1aed15a511832e1,00653_000.jpg,Dialupdude,,Single Pack,36exp
654,0,film_box_outside,Lomography,Color Negative 120 Film 100,120,100,C-41,202506,1782391826,214b169d41d156401f0b27ba1c7dacac,13977400bfd24db0bde214b6c6a342fc,00654_000.jpg,@Hol.m35,,Multi-Pack-3,N/A
654,1,film_box_outside,Lomography,Color Negative 120 Film 100,120,100,C-41,202506,1782391828,3fa437f00194386f1e402354ae6d27e3,6c0182aec6d945dd83da3c1714d68856,00654_001.jpg,@Hol.m35,,Multi-Pack-3,N/A
655,0,film_box_outside,Kodak,Gold III,35mm,100,C-41,199810,1782392104,2c77147dbb630996ef9fccccdb5d6203,f7c1098f0fe74126bf9cef9c261bcd39,00655_000.jpg,Dialupdude,,Multi-Pack-3,30exp
655,1,film_box_inside,Kodak,Gold III,35mm,100,C-41,199810,1782392109,9d963a2823ee64eb038f5b7758a32a71,b13207a08b84442e941d7f514281bf7b,00655_001.jpg,Dialupdude,,Multi-Pack-3,30exp
655,2,film_box_leaflet,Kodak,Gold III,35mm,100,C-41,199810,1782392112,f4151629cc653cbe8ea8db3424577eab,249b3fd912e34d758f9548dc619e297f,00655_002.jpg,Dialupdude,,Multi-Pack-3,30exp
655,3,film_box_leaflet,Kodak,Gold III,35mm,100,C-41,199810,1782392115,4a3bcc23167ed4e1472d24b0d2d15326,e0fc0873b5984d59871410b4488f10b8,00655_003.jpg,Dialupdude,,Multi-Pack-3,30exp
656,0,film_box_outside,Fujifilm,Fujicolor QuickSnap Jeans,Disposable Camera,400,C-41,200808,1782474702,e2a4353cb63be1e03226d2cef8284c35,a2fd70d8c82d42aa8db0f45ced94081a,00656_000.jpg,Pelicram,,Single Pack,27exp
657,0,film_box_outside,Cinemot,Lisboa 1999,35mm,400,C-41,202707,1782474782,fba9dda595ce31a22072f0d373adfa82,aff79fa9e25b4654826ed6443d266a4f,00657_000.jpg,Pelicram,,Single Pack,36exp
658,0,film_box_outside,ORWO,DK5,16mm,Unknown,BW,198405,1783939780,c2751ca515c9d0f21976e9cbf9d378a4,26d4fcf00a04483f8dc3d0875d3ba2dd,00658_000.jpg,Luci 101,,Single Pack,30.5m
658,1,film_box_outside,ORWO,DK5,16mm,Unknown,BW,198405,1783939782,08d1c077ff231ed0d5a32fa0ab4b8c74,1c986802fc464163804128400195738e,00658_001.jpg,Luci 101,,Single Pack,30.5m
658,2,film_box_outside,ORWO,DK5,16mm,Unknown,BW,198405,1783939789,755654af5c39e74e27a5ad1239844968,33ab1f5ae3984ff3b0a1593e23f4ac06,00658_002.jpg,Luci 101,,Single Pack,30.5m
658,3,film_box_outside,ORWO,DK5,16mm,Unknown,BW,198405,1783939791,b199f8c65b2ce5706a76a95ab11157dc,4cfed229ab4b4d82b3a97fadcaed5a9f,00658_003.jpg,Luci 101,,Single Pack,30.5m
658,4,film_box_outside,ORWO,DK5,16mm,Unknown,BW,198405,1783939793,3f67cfcf7f401150eb72f7392ef9e0c0,2015c96803d743838ac7ad1354443309,00658_004.jpg,Luci 101,,Single Pack,30.5m
658,5,film_box_processing_envelope,ORWO,DK5,16mm,Unknown,BW,198405,1783939795,4c21d00893701e753838f4457a8d62f5,9790f346b50243b6b83c3e7f2773b441,00658_005.jpg,Luci 101,,Single Pack,30.5m
659,0,film_box_outside,Fujifilm,Provia 100F,120,100,E-6,202102,1783939949,ef245ceabec92b6e466f0aa569e9a63b,9735f17239144e8a9ed11a5a0bac5c1e,00659_000.jpg,nyctomanica,,Multi-Pack-5,N/A
660,0,film_box_inside,Polaroid,669,Instant Pack Film,80,Instant,200810,1783940754,3cafe31f904ae4d2addd506f8a850e3c,e879c9f5665f4692a40ab8d839412e70,00660_000.jpg,nyctomanica,,Single Pack,10exp
660,1,film_box_inside,Polaroid,669,Instant Pack Film,80,Instant,200810,1783940757,f6716d00b64c91fb939c88f0f58747d8,2e5f63ccf4454fad8c3deadb0c7ff0a6,00660_001.jpg,nyctomanica,,Single Pack,10exp
661,0,film_box_outside,Optik Oldschool,OptiColour 200,120,200,C-41,202805,1783942037,00d011767f66ffb04d68e1a062db32e8,03e5b3b597e74b01b87a2d0f16623617,00661_000.jpg,Chrisbes,,Single Pack,N/A
662,0,film_box_outside,Kodak,Portra 400,120,400,C-41,202107,1783942093,cfd7f5d79d3b23f39a3d16650d358b6e,bd9d52c15a7b4d49b87ce856282cf4af,00662_000.jpg,Chrisbes,,Multi-Pack-5,N/A
663,0,film_box_outside,Fujifilm,Fujicolor Pro 400H,120,400,C-41,201502,1783942149,32cd743112206861db94538e5b4bbfd0,5c7c873716ad4ae3abe59d1532e34be2,00663_000.jpg,Chrisbes,,Multi-Pack-5,N/A
664,0,film_box_outside,Kodak,Gold Plus,35mm,100,C-41,199410,1784198326,685501c30d34bf0ee7f40b36e3859531,3bba5e916d5d4460a7c644296d22114f,00664_000.jpg,@gregrouxphotography,,Single Pack,36exp
664,1,film_box_inside,Kodak,Gold Plus,35mm,100,C-41,199410,1784198741,3bbfa56581d461c92648c991d7ad01e9,40b52c82185045d3ab35b798f0e7d875,00664_001.jpg,@gregrouxphotography,,Single Pack,36exp
665,0,film_box_outside,Fujifilm,200,35mm,200,C-41,202610,1784198798,5bce97a246893e982d3079c8b2c00203,86c7f4981b304bd18ebeeb7c43836286,00665_000.jpg,@gregrouxphotography,,Multi-Pack-3,36exp
666,0,film_box_outside,Konica,Konica Color SR-G 160,120,160,C-41,199905,1784199111,3d4499961e85cd99b47116e033e6b168,5f88d84525c440fc8879978b1b2864c5,00666_000.jpg,Chrisbes,,Single Pack,N/A
666,1,film_box_inside,Konica,Konica Color SR-G 160,120,160,C-41,199905,1784199114,a4ce1bc93ba47032e84ea1639971988a,d8b9395871644903b4e7251339cca0c8,00666_001.jpg,Chrisbes,,Single Pack,N/A
667,0,film_box_outside,Kodak,Ektacolor Pro 400,35mm,400,C-41,202807,1784637844,d84e832c058c5304b1c3e519058d1900,1b8269534ca14fac97e07722d3c8aa72,00667_000.jpg,waldoboro,,Single Pack,36exp
668,0,film_box_outside,1Shot,Fun Shooter Flash,Disposable Camera,400,C-41,202508,1784637969,7195ce2fe9cdc9b691133ff37e816890,2711bf31703f431eb53fe9b536ea31aa,00668_000.jpg,Dialupdude,,Single Pack,27exp
668,1,film_box_outside,1Shot,Fun Shooter Flash,Disposable Camera,400,C-41,202508,1784637972,57f1892db4af7167db39945b896523df,8944f67aa29643259d4be53ad960d2d7,00668_001.jpg,Dialupdude,,Single Pack,27exp
668,2,film_box_outside,1Shot,Fun Shooter Flash,Disposable Camera,400,C-41,202508,1784637975,67eb912f1e2a4c875e139ce8f3d9509d,d79a0d36a13c4a01aa9d42a99784d9a1,00668_002.jpg,Dialupdude,,Single Pack,27exp
669,0,film_box_outside,Ogapan,Panchromatic,120,40,BW,197510,1785846330,eb696582ed5f8d09478f54a8dbee4f4f,e1bcabfe74584823ac1e3c593244a972,00669_000.jpg,Joo,,Single Pack,N/A
670,0,film_box_outside,Lomography,Lomochrome Metropolis,110,400,C-41,202806,1785847280,50387c8b4477c8c18d7f7e5b17e559de,862c394687c644068ae4721a7c93ec77,00670_000.jpg,Chrisbes,,Single Pack,24exp
671,0,film_box_outside,Reflx Lab,200T,120,200,ECN-2,Unknown,1785847332,be217cb1c3691717a18786ea1d008f2c,a7c0fcc9a1eb4a2a970df6cb14e2d847,00671_000.jpg,Chrisbes,,Single Pack,N/A
672,0,film_box_outside,Reflx Lab,Fortuna,110,200,C-41,202812,1785847397,c653b54df4f9974974a834c8cf1c01f0,bdd39fdcda30420cb3b0cfb12bbf56a5,00672_000.jpg,Chrisbes,,Single Pack,24exp
673,0,film_box_outside,ORWO,OWRO Color PC7,35mm,Unknown,Unknown,Unknown,1785847570,a23618921d80c2b2a1177ae6d5444b69,0bd454e6225a4c5799d36e51135208f0,00673_000.jpg,Luci 101,,Bulk Roll,905ft
673,1,film_box_outside,ORWO,OWRO Color PC7,35mm,Unknown,Unknown,Unknown,1785847572,6e7fdb96702bf94d0bceca876b8d33d9,6ec554be94e845f2b64e3fdc27833293,00673_001.jpg,Luci 101,,Bulk Roll,905ft
674,0,film_box_outside,Kodak,No3 Special Kodak Autographic Film,118,Unknown,BW,191601,1785847882,1efaefc5169523d6b3966881a63091da,96dd905b730e446fbe34b5daef15ac3c,00674_000.jpg,Rafa Laguillo,,Single Pack,4exp
674,1,film_box_leaflet,Kodak,No3 Special Kodak Autographic Film,118,Unknown,BW,191601,1785847896,2977170895995325f88f5b30797e746d,dfd07954551f4d55bc38b73c137755bf,00674_001.jpg,Rafa Laguillo,,Single Pack,4exp
675,0,film_box_outside,Kodak,RAR Film 2479,70mm,400,BW,198705,1785850576,4a2a3bf6a9fef41c184096024e1355e4,e09ac20993b946ad8fc2c588f84263e7,00675_000.jpg,MCB18,,Bulk Roll,30.5m
675,1,film_box_leaflet,Kodak,RAR Film 2479,70mm,400,BW,198705,1785850579,d3bea8f54f9f6e1f2c67ee6cff79029e,b1d13110d50c40d1ab22d5850144e5e2,00675_001.jpg,MCB18,,Bulk Roll,30.5m
675,2,film_box_leaflet,Kodak,RAR Film 2479,70mm,400,BW,198705,1785850582,97406351a43b44c11bbc57adf1265436,eb607dad18f842249d1c5fe6da85b5a8,00675_002.jpg,MCB18,,Bulk Roll,30.5m
676,0,film_box_outside,Kodak,Infrared Aerographic Film 2424,70mm,400,BW,200608,1785850689,93deb1f3a4306d211bff30fec2ed3d87,9a2383f804754840938f77217718840c,00676_000.jpg,MCB18,,Bulk Roll,150ft
677,0,film_box_outside,Kodak,Plus-X Pan,70mm,125,BW,197206,1785850774,cdd083cc63d28bab7147b2cdc51a3d26,dd83cce80c7f4a3888777d7446d59a4c,00677_000.jpg,MCB18,,Bulk Roll,100ft
678,0,film_box_outside,Kodak,Technical Pan Film 2415,70mm,25,BW,198504,1785850813,2b561b710c58614014f2093f531eccbc,ea5df46bb39745879d81fd9c6eeb20de,00678_000.jpg,MCB18,,Bulk Roll,150ft
679,0,film_box_outside,Kodak,RS Pan,70mm,650,BW,196406,1785850995,090e86d10bb12ff3a0d9bbf19d4a27b7,d1ac939ca9074be8a403c2a5cc1570d7,00679_000.jpg,MCB18,,Bulk Roll,60ft
680,0,film_box_outside,Kodak,Portra 160 NC,70mm,160,C-41,200901,1785851067,148b317709cbdab56a5014cda056ba92,6052675492004641b862ed8f7c99d52e,00680_000.jpg,MCB18,,Bulk Roll,100ft
681,0,film_box_outside,Kodak,Imagelink HQ Microfilm,35mm,Unknown,BW,200605,1785851154,f79cfe647caef2737f2b1cdd7a2b92e8,81711b26bd3a44d7a5d7eb98207f5a0f,00681_000.jpg,MCB18,,Bulk Roll,100ft
682,0,film_box_outside,Polaroid Originals,Color SX-70 Film,Instant Integral Film,160,Instant,201910,1785851314,43c0a2cb4283999c3c3e01afd470c543,9fd8da93b07c484baea216014e0e7238,00682_000.jpg,nyctomanica,,Single Pack,8exp
682,1,film_box_inside,Polaroid Originals,Color SX-70 Film,Instant Integral Film,160,Instant,201910,1785851316,ce47333359cb7d4391293cce152d26ec,513a6fd17a134eeaa5399093d0f6f641,00682_001.jpg,nyctomanica,,Single Pack,8exp
683,0,film_box_outside,Polaroid Originals,Color 600 Film,Instant Integral Film,640,Instant,201910,1785851447,27cea6abc2af595ca935c107787aa796,9edcedcc654b4e04bb4f2b65079597cb,00683_000.jpg,nyctomanica,,Single Pack,8exp
683,1,film_box_inside,Polaroid Originals,Color 600 Film,Instant Integral Film,640,Instant,201910,1785851449,6faf6656736ef5a29476721a0663949e,42a65f5e6e67475e85a143297ab4302f,00683_001.jpg,nyctomanica,,Single Pack,8exp
684,0,film_box_outside,Polaroid Originals,Color i-Type Film,Instant Integral Film,640,Instant,201910,1785851522,e6ae5297b6a6e43e65eb14c85fa0045f,e7e2198738634eaa91f172f160e679a3,00684_000.jpg,nyctomanica,,Single Pack,8exp
684,1,film_box_inside,Polaroid Originals,Color i-Type Film,Instant Integral Film,640,Instant,201910,1785851524,3f77849bfd258509344c963900d43051,2e98ef6cbf384bf88e7522000db35e07,00684_001.jpg,nyctomanica,,Single Pack,8exp
685,0,film_box_outside,Lomography,Color Negative 120 Film 400,120,400,C-41,202801,1785851780,9e6628140f1d8a4277cf664d54a3a5db,2ec124d60b12488db346643ed8d17f5f,00685_000.jpg,@Hol.m35,,Single Pack,N/A
686,0,film_box_outside,Fujifilm,Instax Mini,Instant Integral Film,800,Instant,202503,1785852066,8f135c767bbc90826efd8f47369fa3cd,a63f7025a5284603ad7a1c071311c9b1,00686_000.jpg,@Hol.m35,,Multi-Pack-2,10exp
687,0,film_box_outside,Fujifilm,Instax Mini Macaron,Instant Integral Film,800,Instant,202601,1785852107,b9b198fa8b7d6748fb2dcbd2d529018d,a871a78d1ad6479e8c1ed51f2e4b7ae7,00687_000.jpg,@Hol.m35,,Single Pack,10exp
688,0,film_box_outside,Fujifilm,Instax Mini Contact Sheet,Instant Integral Film,800,Instant,202512,1785852139,2faccdb6427e4ca01bc77d7c9745fa24,913f40168de04c539a616da939a0f0f7,00688_000.jpg,@Hol.m35,,Single Pack,10exp
689,0,film_box_outside,Optik Oldschool,OptiMono 100,35mm,100,BW,202806,1785852177,aa807b00edc1887cea14b31fb91a8252,bba34206627f485b9a3119d4c2dd312c,00689_000.jpg,@Hol.m35,,Single Pack,36exp
690,0,film_box_outside,Lucky,LuckyColor BR100,35mm,100,C-41,199512,1786617189,4c92314182e6737d1c63b453c0bda033,cd7927f99b904e108562dd8d7cb7a71c,00690_000.jpg,@janjuudas,,Single Pack,24exp
690,1,film_box_leaflet,Lucky,LuckyColor BR100,35mm,100,C-41,199512,1786617191,814d243e5ad70d9eba2cf4a61580c4da,fce0cfdd0da64de8bb959da8b873361f,00690_001.jpg,@janjuudas,,Single Pack,24exp
690,2,film_box_leaflet,Lucky,LuckyColor BR100,35mm,100,C-41,199512,1786617194,6f87ad5fcbf253a823fc2c33b1629948,52de88685d124b9f92ce453036122f49,00690_002.jpg,@janjuudas,,Single Pack,24exp
691,0,film_box_outside,Konica,SXG 100,35mm,100,C-41,200510,1786617253,bc818bbb8ebd8e701ebd75a8f752f89f,20062d10b38a496d855defd42ce44096,00691_000.jpg,@janjuudas,,Single Pack,27exp
691,1,film_box_inside,Konica,SXG 100,35mm,100,C-41,200510,1786617254,2a6adb308b7c8aa424d3162084bbf678,6c08ae5e1ce54c0a8387e3d4d2fb1c01,00691_001.jpg,@janjuudas,,Single Pack,27exp
692,0,film_box_outside,Lumière Union Photographique Industrielle,Plaques au Gélatino-Bromure d'Argent Extra Rapides,9x12cm,Unknown,BW,Unknown,1786617832,363efa6c6884a427e19cd5557f4b9e04,bb45ef5b684b4606b02cc7f9fb16a44b,00692_000.jpg,Rafa Laguillo,,Single Pack,Unknown
693,0,film_box_outside,Agfa,Plaques Chromo Isolar,Unknown,Unknown,BW,Unknown,1786618059,49adfebbd68d6b0b64b2c9e69826d819,69f7043994f94dffb90d512ed5bc2c8a,00693_000.jpg,Rafa Laguillo,,Single Pack,Unknown
694,0,film_box_outside,Kodak,UltraMax,35mm,400,C-41,200808,1786618108,f25b7204534aabe6d9205c8aa95f325a,a6d5604fc4404666acf42801bbc8145b,00694_000.jpg,Rafa Laguillo,,Multi-Pack-3,36exp
